,transaction_id,customer_id,transaction_date,online_order,order_status,brand,product_line,product_class,product_size,list_price,standard_cost,product_first_sold_date,full_name,gender,past_3_years_bike_related_purchases,DOB,job_title,job_industry_category,wealth_segment,deceased_indicator,owns_car,tenure,postcode,state,country,property_valuation
16,17,2426,2017-04-03,0.0,Approved,Norco Bicycles,Standard,medium,medium,1555.58,818.01,38206.0,Yancy Ovett,U,64.0,,,IT,Affluent Customer,N,Yes,,2145.0,NSW,Australia,10.0
59,60,3473,2017-12-18,0.0,Approved,Giant Bicycles,Standard,high,small,1977.36,1759.85,41848.0,Sanderson Alloway,U,34.0,,Analog Circuit Design manager,IT,Mass Customer,N,No,,3803.0,VIC,Australia,7.0
63,64,2000,2017-07-08,0.0,Approved,Trek Bicycles,Standard,medium,medium,499.53,388.72,39031.0,Kain Rene,U,68.0,,Assistant Professor,IT,High Net Worth,N,Yes,,2147.0,NSW,Australia,8.0
93,94,1,2017-12-23,0.0,Approved,OHM Cycles,Standard,medium,medium,235.63,125.07,38482.0,Laraine Medendorp,F,93.0,1953-10-12,Executive Secretary,Health,Mass Customer,N,Yes,11.0,2016.0,NSW,Australia,10.0
121,122,1038,2017-12-01,1.0,Approved,Solex,Road,medium,large,1777.8,820.78,34115.0,Fraser Acome,U,57.0,,Engineer I,Manufacturing,Mass Customer,N,Yes,,3809.0,VIC,Australia,6.0
171,174,3151,2017-12-17,0.0,Approved,WeareA2B,Touring,medium,medium,1466.68,363.25,34586.0,Thorn Choffin,U,20.0,,Senior Developer,IT,Affluent Customer,N,Yes,,4055.0,QLD,Australia,8.0
188,191,1477,2017-06-30,1.0,Approved,Norco Bicycles,Road,high,large,774.53,464.72,39526.0,Leo Balharry,U,42.0,,Actuary,Financial Services,Mass Customer,N,Yes,,2440.0,NSW,Australia,3.0
212,215,2999,2017-09-30,0.0,Approved,Giant Bicycles,Standard,medium,large,1765.3,709.48,42226.0,Rinaldo Diggin,U,28.0,,Business Systems Development Analyst,IT,Affluent Customer,N,Yes,,3023.0,VIC,Australia,8.0
258,261,599,2017-05-09,0.0,Approved,Solex,Standard,high,medium,1024.66,614.8,39880.0,Ernestus Cruden,U,48.0,,Senior Financial Analyst,Financial Services,Mass Customer,N,Yes,,3068.0,VIC,Australia,8.0
299,302,2426,2017-03-17,1.0,Approved,OHM Cycles,Road,medium,small,1810.0,1610.9,36498.0,Yancy Ovett,U,64.0,,,IT,Affluent Customer,N,Yes,,2145.0,NSW,Australia,10.0
331,334,2252,2017-02-21,0.0,Approved,Norco Bicycles,Road,high,large,774.53,464.72,36361.0,Darcey Annis,U,31.0,,Teacher,IT,High Net Worth,N,Yes,,3183.0,VIC,Australia,7.0
359,362,2920,2017-09-22,1.0,Approved,Trek Bicycles,Road,low,medium,980.37,234.43,41701.0,Casar Ritchley,U,0.0,,Business Systems Development Analyst,IT,Mass Customer,N,Yes,,2299.0,NSW,Australia,8.0
376,380,1683,2017-08-20,1.0,Approved,Trek Bicycles,Standard,medium,large,2091.47,388.92,41167.0,Brenn Bacon,U,72.0,,Budget/Accounting Analyst I,IT,Mass Customer,N,Yes,,2028.0,NSW,Australia,12.0
382,386,892,2017-10-01,0.0,Approved,Solex,Standard,medium,medium,1163.89,589.27,38693.0,Conroy Healy,U,22.0,,Office Assistant II,IT,Mass Customer,N,Yes,,3765.0,VIC,Australia,8.0
452,457,290,2017-10-10,0.0,Approved,Norco Bicycles,Road,medium,medium,1036.59,206.35,33364.0,Giorgio Kevane,U,42.0,,Senior Sales Associate,IT,Mass Customer,N,No,,2766.0,NSW,Australia,9.0
489,494,1509,2017-11-16,1.0,Approved,WeareA2B,Touring,medium,large,1890.39,260.14,42172.0,Sibley Janek,U,10.0,,Computer Systems Analyst I,IT,High Net Worth,N,Yes,,2227.0,NSW,Australia,10.0
629,634,2069,2017-04-29,0.0,Approved,Solex,Touring,medium,large,2083.94,675.03,38482.0,Sol Holdron,U,32.0,,Software Test Engineer IV,IT,Mass Customer,N,Yes,,4509.0,QLD,Australia,7.0
687,693,2999,2017-01-24,1.0,Approved,Solex,Road,medium,small,1703.52,1516.13,33549.0,Rinaldo Diggin,U,28.0,,Business Systems Development Analyst,IT,Affluent Customer,N,Yes,,3023.0,VIC,Australia,8.0
740,746,1210,2017-05-31,1.0,Approved,Trek Bicycles,Standard,high,medium,358.39,215.03,38002.0,Shandie Sprigg,U,81.0,,Programmer II,IT,Mass Customer,N,No,,2230.0,NSW,Australia,9.0
759,765,57,2017-05-13,0.0,Approved,Giant Bicycles,Touring,medium,large,1873.97,863.95,38193.0,Abba Masedon,M,87.0,1988-06-13,Chief Design Engineer,,Mass Customer,N,Yes,13.0,4280.0,QLD,Australia,6.0
764,770,2414,2017-09-10,,Approved,Giant Bicycles,Standard,high,medium,1129.13,677.48,38258.0,Basile Bowlas,U,18.0,,Registered Nurse,Health,Mass Customer,N,Yes,,3802.0,VIC,Australia,7.0
809,816,892,2017-09-08,1.0,Approved,Giant Bicycles,Standard,medium,large,569.56,528.43,37874.0,Conroy Healy,U,22.0,,Office Assistant II,IT,Mass Customer,N,Yes,,3765.0,VIC,Australia,8.0
818,825,513,2017-01-03,1.0,Approved,Solex,Standard,high,medium,748.17,448.9,33552.0,Kienan Soar,U,30.0,,Tax Accountant,IT,Mass Customer,N,No,,3126.0,VIC,Australia,12.0
828,835,1477,2017-11-17,0.0,Approved,Solex,Standard,medium,medium,575.27,431.45,34165.0,Leo Balharry,U,42.0,,Actuary,Financial Services,Mass Customer,N,Yes,,2440.0,NSW,Australia,3.0
844,851,3086,2017-12-12,1.0,Approved,Norco Bicycles,Standard,medium,medium,360.4,270.3,42710.0,Pieter Gadesby,U,18.0,,Biostatistician I,IT,High Net Worth,N,No,,4116.0,QLD,Australia,7.0
869,876,2341,2017-07-02,1.0,Approved,OHM Cycles,Standard,high,medium,1458.17,874.9,41848.0,Caterina Scedall,U,41.0,,Web Designer II,IT,Mass Customer,N,Yes,,3806.0,VIC,Australia,9.0
870,877,1082,2017-11-13,1.0,Approved,Trek Bicycles,Road,low,medium,980.37,234.43,38693.0,Guinevere Kelby,U,90.0,,Financial Analyst,Financial Services,Mass Customer,N,Yes,,4152.0,QLD,Australia,9.0
944,951,451,2017-04-17,0.0,Approved,Norco Bicycles,Standard,high,small,1661.92,1479.11,34586.0,Marlow Flowerdew,U,37.0,,Quality Control Specialist,IT,High Net Worth,N,No,,3192.0,VIC,Australia,10.0
1030,1038,2426,2017-08-31,1.0,Approved,Norco Bicycles,Standard,medium,medium,1198.46,381.1,36833.0,Yancy Ovett,U,64.0,,,IT,Affluent Customer,N,Yes,,2145.0,NSW,Australia,10.0
1031,1039,34,2017-07-01,1.0,Approved,Solex,Road,medium,small,1703.52,1516.13,40649.0,Jephthah Bachmann,U,59.0,1843-12-21,Legal Assistant,IT,Affluent Customer,N,No,20.0,4005.0,QLD,Australia,8.0
1099,1107,34,2017-08-22,0.0,Approved,Norco Bicycles,Standard,low,medium,958.74,748.9,38693.0,Jephthah Bachmann,U,59.0,1843-12-21,Legal Assistant,IT,Affluent Customer,N,No,20.0,4005.0,QLD,Australia,8.0
1112,1120,983,2017-05-23,0.0,Approved,OHM Cycles,Standard,low,medium,1793.43,248.82,36361.0,Shaylyn Riggs,U,49.0,,,IT,Affluent Customer,N,No,,2027.0,NSW,Australia,11.0
1119,1127,3365,2017-08-15,1.0,Approved,WeareA2B,Standard,medium,medium,1992.93,762.63,34115.0,Karlens Chaffyn,U,29.0,,Engineer III,IT,Mass Customer,N,No,,2766.0,NSW,Australia,9.0
1133,1142,685,2017-09-19,0.0,Approved,Norco Bicycles,Road,medium,medium,1036.59,206.35,33364.0,Booth Birkin,U,28.0,,Senior Developer,IT,Mass Customer,N,No,,2463.0,NSW,Australia,4.0
1276,1287,1918,2017-10-13,1.0,Approved,Trek Bicycles,Standard,low,medium,1057.51,154.4,34527.0,Devin Sandeson,U,83.0,,Staff Accountant II,IT,Affluent Customer,N,No,,2261.0,NSW,Australia,8.0
1286,1297,3255,2017-09-15,1.0,Approved,Norco Bicycles,Standard,medium,medium,1555.58,818.01,37873.0,Sutherlan Truin,U,47.0,,Engineer IV,IT,High Net Worth,N,No,,3128.0,VIC,Australia,10.0
1305,1316,2540,2017-08-04,0.0,Approved,Trek Bicycles,Standard,medium,large,1469.44,596.55,42105.0,Donavon ,U,14.0,,Executive Secretary,IT,Mass Customer,N,Yes,,2560.0,NSW,Australia,7.0
1398,1409,2205,2017-05-04,1.0,Approved,WeareA2B,Standard,medium,medium,1762.96,950.52,41848.0,Birk Elphey,U,76.0,,Accounting Assistant III,IT,Mass Customer,N,No,,3101.0,VIC,Australia,8.0
1411,1422,2469,2017-04-15,1.0,Approved,Trek Bicycles,Standard,medium,large,2091.47,388.92,37659.0,Kermie Hedger,U,18.0,,Accounting Assistant II,IT,Mass Customer,N,Yes,,2036.0,NSW,Australia,11.0
1417,1428,1082,2017-07-08,1.0,Approved,OHM Cycles,Standard,medium,medium,795.34,101.58,35470.0,Guinevere Kelby,U,90.0,,Financial Analyst,Financial Services,Mass Customer,N,Yes,,4152.0,QLD,Australia,9.0
1434,1445,1244,2017-11-14,0.0,Approved,Giant Bicycles,Standard,medium,medium,642.7,211.37,37337.0,Glenn Tinham,U,80.0,,Financial Analyst,Financial Services,Mass Customer,N,Yes,,2127.0,NSW,Australia,8.0
1453,1464,1477,2017-10-14,1.0,Approved,Giant Bicycles,Touring,medium,large,1873.97,863.95,41922.0,Leo Balharry,U,42.0,,Actuary,Financial Services,Mass Customer,N,Yes,,2440.0,NSW,Australia,3.0
1471,1482,2999,2017-01-16,0.0,Approved,WeareA2B,Touring,medium,large,1890.39,260.14,40779.0,Rinaldo Diggin,U,28.0,,Business Systems Development Analyst,IT,Affluent Customer,N,Yes,,3023.0,VIC,Australia,8.0
1509,1520,453,2017-06-05,1.0,Approved,Norco Bicycles,Standard,medium,medium,360.4,270.3,42710.0,Cornelius Yarmouth,U,81.0,,Assistant Professor,IT,High Net Worth,N,No,,2170.0,NSW,Australia,10.0
1518,1529,1477,2017-03-18,1.0,Approved,Solex,Standard,medium,large,1061.56,733.58,40779.0,Leo Balharry,U,42.0,,Actuary,Financial Services,Mass Customer,N,Yes,,2440.0,NSW,Australia,3.0
1519,1530,1210,2017-12-13,1.0,Approved,OHM Cycles,Standard,medium,medium,1636.9,44.71,40410.0,Shandie Sprigg,U,81.0,,Programmer II,IT,Mass Customer,N,No,,2230.0,NSW,Australia,9.0
1654,1666,883,2017-01-27,0.0,Approved,Solex,Standard,medium,medium,575.27,431.45,39880.0,Lolita Bennie,U,73.0,,Recruiter,IT,Mass Customer,N,Yes,,2537.0,NSW,Australia,3.0
1675,1688,1806,2017-09-07,0.0,Approved,Giant Bicycles,Standard,medium,medium,642.7,211.37,37337.0,Gil De Gregorio,U,95.0,,Software Test Engineer IV,IT,Mass Customer,N,No,,4701.0,QLD,Australia,1.0
1686,1699,168,2017-08-16,1.0,Approved,Trek Bicycles,Standard,medium,medium,499.53,388.72,41009.0,Reggie Broggetti,U,8.0,,General Manager,IT,Affluent Customer,N,Yes,,3020.0,VIC,Australia,6.0
1715,1728,480,2017-12-13,0.0,Approved,Trek Bicycles,Standard,medium,small,1775.81,1580.47,36334.0,Darelle Ive,U,67.0,,Registered Nurse,Health,Mass Customer,N,Yes,,2320.0,NSW,Australia,6.0
1750,1764,454,2017-03-08,0.0,Approved,Solex,Road,medium,small,1703.52,1516.13,37838.0,Eugenie Domenc,U,58.0,,Research Nurse,Health,Affluent Customer,N,Yes,,4221.0,QLD,Australia,10.0
1765,1780,3343,2017-01-20,1.0,Approved,Norco Bicycles,Mountain,low,small,688.63,612.88,33455.0,Cristabel Bim,U,3.0,,Recruiter,IT,Mass Customer,N,Yes,,3228.0,VIC,Australia,8.0
1776,1791,2469,2017-12-10,1.0,Approved,Trek Bicycles,Standard,medium,large,2091.47,388.92,40784.0,Kermie Hedger,U,18.0,,Accounting Assistant II,IT,Mass Customer,N,Yes,,2036.0,NSW,Australia,11.0
1782,1797,983,2017-01-18,1.0,Approved,OHM Cycles,Standard,medium,medium,1636.9,44.71,40410.0,Shaylyn Riggs,U,49.0,,,IT,Affluent Customer,N,No,,2027.0,NSW,Australia,11.0
1811,1826,513,2017-01-21,0.0,Approved,WeareA2B,Standard,medium,medium,1065.03,230.09,36833.0,Kienan Soar,U,30.0,,Tax Accountant,IT,Mass Customer,N,No,,3126.0,VIC,Australia,12.0
1828,1843,892,2017-01-09,1.0,Approved,WeareA2B,Standard,medium,medium,752.64,205.36,38206.0,Conroy Healy,U,22.0,,Office Assistant II,IT,Mass Customer,N,Yes,,3765.0,VIC,Australia,8.0
1899,1914,1740,2017-05-12,1.0,Approved,Norco Bicycles,Standard,low,medium,958.74,748.9,34244.0,Faythe Janaszewski,U,83.0,,Research Associate,IT,Mass Customer,N,Yes,,3796.0,VIC,Australia,8.0
1922,1937,1583,2017-02-07,1.0,Approved,WeareA2B,Standard,medium,medium,1231.15,161.6,41345.0,Krysta O' Reagan,U,18.0,,Geologist IV,IT,Mass Customer,N,Yes,,2100.0,NSW,Australia,11.0
1929,1944,680,2017-04-30,1.0,Approved,Norco Bicycles,Standard,medium,medium,1198.46,381.1,36367.0,Gay Pickersgill,U,22.0,,,IT,High Net Worth,N,Yes,,2209.0,NSW,Australia,7.0
1942,1957,3086,2017-12-19,0.0,Approved,Giant Bicycles,Standard,medium,large,1812.75,582.48,40336.0,Pieter Gadesby,U,18.0,,Biostatistician I,IT,High Net Worth,N,No,,4116.0,QLD,Australia,7.0
1959,1974,2854,2017-08-24,1.0,Approved,WeareA2B,Standard,medium,medium,752.64,205.36,37698.0,Vikky Dyde,U,49.0,,Project Manager,IT,High Net Worth,N,Yes,,2323.0,NSW,Australia,4.0
1998,2013,950,2017-05-19,0.0,Approved,Solex,Standard,medium,large,1061.56,733.58,40779.0,Bret Ivakhnov,U,24.0,,Recruiter,IT,High Net Worth,N,Yes,,4218.0,QLD,Australia,5.0
2133,2148,2696,2017-05-10,1.0,Approved,Norco Bicycles,Standard,medium,medium,1555.58,818.01,35455.0,Isabelle Bursnoll,U,42.0,,Social Worker,Health,Mass Customer,N,Yes,,4031.0,QLD,Australia,8.0
2282,2298,1082,2017-10-11,0.0,Approved,Norco Bicycles,Standard,low,medium,363.01,290.41,38482.0,Guinevere Kelby,U,90.0,,Financial Analyst,Financial Services,Mass Customer,N,Yes,,4152.0,QLD,Australia,9.0
2436,2453,2341,2017-08-31,1.0,Approved,OHM Cycles,Standard,medium,medium,183.86,137.9,40779.0,Caterina Scedall,U,41.0,,Web Designer II,IT,Mass Customer,N,Yes,,3806.0,VIC,Australia,9.0
2511,2528,2647,2017-12-13,1.0,Approved,Solex,Standard,high,large,1842.92,1105.75,34996.0,Marcelia Blannin,U,1.0,,Physical Therapy Assistant,IT,High Net Worth,N,No,,2770.0,NSW,Australia,7.0
2522,2539,57,2017-11-22,0.0,Approved,Solex,Standard,medium,medium,1945.43,333.18,33429.0,Abba Masedon,M,87.0,1988-06-13,Chief Design Engineer,,Mass Customer,N,Yes,13.0,4280.0,QLD,Australia,6.0
2561,2578,3312,2017-08-01,1.0,Approved,WeareA2B,Touring,medium,large,1890.39,260.14,33259.0,Franky Nanninini,U,49.0,,Administrative Officer,IT,High Net Worth,N,No,,4505.0,QLD,Australia,2.0
2582,2599,1683,2017-07-31,0.0,Approved,WeareA2B,Standard,medium,medium,1992.93,762.63,33552.0,Brenn Bacon,U,72.0,,Budget/Accounting Analyst I,IT,Mass Customer,N,Yes,,2028.0,NSW,Australia,12.0
2612,2629,1773,2017-07-28,1.0,Approved,Giant Bicycles,Standard,medium,large,569.56,528.43,34556.0,Nickolas Guittet,U,82.0,,,IT,Mass Customer,N,Yes,,2114.0,NSW,Australia,8.0
2621,2638,34,2017-04-07,0.0,Approved,Solex,Touring,medium,large,2083.94,675.03,41533.0,Jephthah Bachmann,U,59.0,1843-12-21,Legal Assistant,IT,Affluent Customer,N,No,20.0,4005.0,QLD,Australia,8.0
2633,2650,2205,2017-07-13,1.0,Approved,Norco Bicycles,Road,medium,medium,1036.59,206.35,33364.0,Birk Elphey,U,76.0,,Accounting Assistant III,IT,Mass Customer,N,No,,3101.0,VIC,Australia,8.0
2654,2671,3365,2017-01-05,0.0,Approved,OHM Cycles,Standard,medium,medium,795.34,101.58,35470.0,Karlens Chaffyn,U,29.0,,Engineer III,IT,Mass Customer,N,No,,2766.0,NSW,Australia,9.0
2655,2672,1773,2017-12-22,0.0,Approved,OHM Cycles,Standard,medium,medium,183.86,137.9,41047.0,Nickolas Guittet,U,82.0,,,IT,Mass Customer,N,Yes,,2114.0,NSW,Australia,8.0
2664,2681,1773,2017-03-16,1.0,Approved,Norco Bicycles,Road,medium,medium,544.05,376.84,33879.0,Nickolas Guittet,U,82.0,,,IT,Mass Customer,N,Yes,,2114.0,NSW,Australia,8.0
2798,2815,2697,2017-08-28,1.0,Approved,Norco Bicycles,Standard,low,medium,363.01,290.41,38482.0,Klarika Yerby,U,70.0,,Legal Assistant,IT,High Net Worth,N,No,,2067.0,NSW,Australia,12.0
2861,2878,799,2017-04-16,1.0,Approved,Norco Bicycles,Mountain,low,small,688.63,612.88,33455.0,Harland Spilisy,U,39.0,,Programmer I,IT,Mass Customer,N,Yes,,2756.0,NSW,Australia,8.0
3003,3022,1773,2017-04-10,1.0,Approved,Norco Bicycles,Standard,medium,medium,1198.46,381.1,36833.0,Nickolas Guittet,U,82.0,,,IT,Mass Customer,N,Yes,,2114.0,NSW,Australia,8.0
3012,3031,548,2017-09-14,0.0,Approved,Giant Bicycles,Standard,medium,medium,230.91,173.18,35052.0,Georgie Cudbertson,U,84.0,,,IT,High Net Worth,N,Yes,,4127.0,QLD,Australia,7.0
3044,3063,3012,2017-02-10,1.0,Approved,Solex,Standard,medium,medium,1945.43,333.18,40553.0,Devland Probart,U,81.0,,Technical Writer,IT,Mass Customer,N,Yes,,3250.0,VIC,Australia,2.0
3072,3091,2854,2017-10-08,1.0,Approved,Solex,Standard,medium,medium,1945.43,333.18,37668.0,Vikky Dyde,U,49.0,,Project Manager,IT,High Net Worth,N,Yes,,2323.0,NSW,Australia,4.0
3218,3238,1351,2017-03-23,1.0,Approved,Solex,Standard,medium,large,1071.23,380.74,35160.0,Lorettalorna ,U,32.0,,Office Assistant IV,IT,High Net Worth,N,No,,3564.0,VIC,Australia,2.0
3232,3252,3343,2017-06-12,1.0,Approved,WeareA2B,Road,low,small,1172.78,1043.77,37539.0,Cristabel Bim,U,3.0,,Recruiter,IT,Mass Customer,N,Yes,,3228.0,VIC,Australia,8.0
3246,3267,1740,2017-12-24,0.0,Approved,OHM Cycles,Touring,low,medium,1073.07,933.84,33429.0,Faythe Janaszewski,U,83.0,,Research Associate,IT,Mass Customer,N,Yes,,3796.0,VIC,Australia,8.0
3270,3291,1628,2017-08-19,0.0,Approved,Solex,Road,medium,large,1777.8,820.78,41047.0,Hermione Brereton,U,13.0,,Assistant Manager,IT,Mass Customer,N,No,,2528.0,NSW,Australia,6.0
3282,3303,1773,2017-01-27,0.0,Approved,WeareA2B,Touring,medium,large,1890.39,260.14,36146.0,Nickolas Guittet,U,82.0,,,IT,Mass Customer,N,Yes,,2114.0,NSW,Australia,8.0
3329,3350,2999,2017-03-13,1.0,Approved,Solex,Standard,medium,medium,1945.43,333.18,35455.0,Rinaldo Diggin,U,28.0,,Business Systems Development Analyst,IT,Affluent Customer,N,Yes,,3023.0,VIC,Australia,8.0
3375,3396,3288,2017-07-07,1.0,Approved,Trek Bicycles,Road,medium,large,1894.19,598.76,37823.0,Fair Dewen,U,47.0,,Engineer III,IT,High Net Worth,N,No,,2770.0,NSW,Australia,9.0
3385,3406,3365,2017-02-03,0.0,Approved,Giant Bicycles,Road,medium,medium,1538.99,829.65,42404.0,Karlens Chaffyn,U,29.0,,Engineer III,IT,Mass Customer,N,No,,2766.0,NSW,Australia,9.0
3513,3535,685,2017-07-04,1.0,Approved,Trek Bicycles,Standard,medium,large,2091.47,388.92,41167.0,Booth Birkin,U,28.0,,Senior Developer,IT,Mass Customer,N,No,,2463.0,NSW,Australia,4.0
3548,3570,2697,2017-11-27,1.0,Approved,Trek Bicycles,Standard,medium,large,1469.44,596.55,41047.0,Klarika Yerby,U,70.0,,Legal Assistant,IT,High Net Worth,N,No,,2067.0,NSW,Australia,12.0
3575,3597,451,2017-03-21,1.0,Approved,Solex,Touring,medium,large,2083.94,675.03,41533.0,Marlow Flowerdew,U,37.0,,Quality Control Specialist,IT,High Net Worth,N,No,,3192.0,VIC,Australia,10.0
3621,3643,2069,2017-03-11,0.0,Approved,WeareA2B,Standard,medium,medium,1807.45,778.69,34996.0,Sol Holdron,U,32.0,,Software Test Engineer IV,IT,Mass Customer,N,Yes,,4509.0,QLD,Australia,7.0
3626,3648,1780,2017-02-05,1.0,Approved,WeareA2B,Standard,medium,medium,60.34,45.26,34165.0,Maude Tixier,U,52.0,,Research Associate,IT,Mass Customer,N,No,,3976.0,VIC,Australia,3.0
3651,3673,3255,2017-01-15,1.0,Approved,Solex,Standard,medium,medium,1945.43,333.18,37499.0,Sutherlan Truin,U,47.0,,Engineer IV,IT,High Net Worth,N,No,,3128.0,VIC,Australia,10.0
3688,3710,2069,2017-01-05,0.0,Approved,OHM Cycles,Standard,high,medium,2005.66,1203.4,41009.0,Sol Holdron,U,32.0,,Software Test Engineer IV,IT,Mass Customer,N,Yes,,4509.0,QLD,Australia,7.0
3702,3724,892,2017-07-10,1.0,Approved,Solex,Standard,medium,medium,478.16,298.72,33879.0,Conroy Healy,U,22.0,,Office Assistant II,IT,Mass Customer,N,Yes,,3765.0,VIC,Australia,8.0
3743,3765,1,2017-04-06,1.0,Approved,Solex,Standard,medium,medium,1577.53,826.51,39526.0,Laraine Medendorp,F,93.0,1953-10-12,Executive Secretary,Health,Mass Customer,N,Yes,11.0,2016.0,NSW,Australia,10.0
3746,3768,3151,2017-05-14,1.0,Approved,OHM Cycles,Road,medium,medium,1280.28,829.51,35707.0,Thorn Choffin,U,20.0,,Senior Developer,IT,Affluent Customer,N,Yes,,4055.0,QLD,Australia,8.0
3790,3813,2963,2017-11-05,,Approved,Trek Bicycles,Road,medium,medium,290.62,215.14,37626.0,Christin Fricke,U,17.0,,Safety Technician II,IT,Affluent Customer,N,Yes,,2114.0,NSW,Australia,10.0
3853,3876,1082,2017-06-09,0.0,Approved,WeareA2B,Standard,medium,medium,1992.93,762.63,34115.0,Guinevere Kelby,U,90.0,,Financial Analyst,Financial Services,Mass Customer,N,Yes,,4152.0,QLD,Australia,9.0
3907,3931,2000,2017-08-16,1.0,Approved,Norco Bicycles,Mountain,low,small,688.63,612.88,42404.0,Kain Rene,U,68.0,,Assistant Professor,IT,High Net Worth,N,Yes,,2147.0,NSW,Australia,8.0
3975,3999,3086,2017-04-21,1.0,Approved,Solex,Touring,medium,large,2083.94,675.03,41533.0,Pieter Gadesby,U,18.0,,Biostatistician I,IT,High Net Worth,N,No,,4116.0,QLD,Australia,7.0
4005,4030,2426,2017-08-23,0.0,Approved,Solex,Standard,high,large,1842.92,1105.75,37873.0,Yancy Ovett,U,64.0,,,IT,Affluent Customer,N,Yes,,2145.0,NSW,Australia,10.0
4028,4053,3312,2017-08-23,1.0,Approved,WeareA2B,Standard,medium,medium,1065.03,230.09,36833.0,Franky Nanninini,U,49.0,,Administrative Officer,IT,High Net Worth,N,No,,4505.0,QLD,Australia,2.0
4053,4079,2999,2017-07-27,1.0,Approved,WeareA2B,Standard,medium,small,175.89,131.92,41009.0,Rinaldo Diggin,U,28.0,,Business Systems Development Analyst,IT,Affluent Customer,N,Yes,,3023.0,VIC,Australia,8.0
4191,4218,1509,2017-01-10,1.0,Approved,Solex,Road,medium,medium,416.98,312.74,38991.0,Sibley Janek,U,10.0,,Computer Systems Analyst I,IT,High Net Worth,N,Yes,,2227.0,NSW,Australia,10.0
4206,4236,2341,2017-10-17,0.0,Approved,Solex,Standard,medium,large,1061.56,733.58,40779.0,Caterina Scedall,U,41.0,,Web Designer II,IT,Mass Customer,N,Yes,,3806.0,VIC,Australia,9.0
4231,4261,548,2017-03-12,1.0,Approved,OHM Cycles,Road,medium,medium,1280.28,829.51,34170.0,Georgie Cudbertson,U,84.0,,,IT,High Net Worth,N,Yes,,4127.0,QLD,Australia,7.0
4243,4273,3151,2017-10-01,1.0,Approved,Giant Bicycles,Standard,high,small,1977.36,1759.85,42145.0,Thorn Choffin,U,20.0,,Senior Developer,IT,Affluent Customer,N,Yes,,4055.0,QLD,Australia,8.0
4353,4384,3012,2017-12-27,0.0,Approved,Solex,Touring,medium,large,2083.94,675.03,34079.0,Devland Probart,U,81.0,,Technical Writer,IT,Mass Customer,N,Yes,,3250.0,VIC,Australia,2.0
4395,4427,3298,2017-03-28,1.0,Approved,Solex,Standard,medium,medium,1163.89,589.27,37838.0,Christine Baignard,U,1.0,,VP Quality Control,IT,Affluent Customer,N,Yes,,3064.0,VIC,Australia,7.0
4603,4636,3288,2017-03-03,0.0,Approved,WeareA2B,Standard,medium,medium,1769.64,108.76,40672.0,Fair Dewen,U,47.0,,Engineer III,IT,High Net Worth,N,No,,2770.0,NSW,Australia,9.0
4607,4640,453,2017-04-04,0.0,Approved,WeareA2B,Touring,medium,medium,1466.68,363.25,41701.0,Cornelius Yarmouth,U,81.0,,Assistant Professor,IT,High Net Worth,N,No,,2170.0,NSW,Australia,10.0
4679,4713,1174,2017-12-22,1.0,Approved,Norco Bicycles,Standard,medium,small,1216.14,1082.36,33455.0,Shellysheldon Gooderridge,U,9.0,,Executive Secretary,IT,Mass Customer,N,No,,2529.0,NSW,Australia,7.0
4693,4728,839,2017-02-17,0.0,Approved,Solex,Standard,medium,medium,1151.96,649.49,34071.0,Charis Greaves,U,14.0,,Structural Analysis Engineer,IT,Mass Customer,N,Yes,,2880.0,NSW,Australia,1.0
4709,4744,2647,2017-12-18,1.0,Cancelled,Norco Bicycles,Standard,medium,small,1216.14,1082.36,33455.0,Marcelia Blannin,U,1.0,,Physical Therapy Assistant,IT,High Net Worth,N,No,,2770.0,NSW,Australia,7.0
4725,4760,451,2017-03-06,0.0,Approved,Norco Bicycles,Mountain,low,small,688.63,612.88,34244.0,Marlow Flowerdew,U,37.0,,Quality Control Specialist,IT,High Net Worth,N,No,,3192.0,VIC,Australia,10.0
4799,4835,168,2017-05-26,0.0,Approved,Giant Bicycles,Standard,medium,medium,642.7,211.37,39427.0,Reggie Broggetti,U,8.0,,General Manager,IT,Affluent Customer,N,Yes,,3020.0,VIC,Australia,6.0
4814,4850,1806,2017-01-15,0.0,Approved,Trek Bicycles,Standard,high,medium,358.39,215.03,38002.0,Gil De Gregorio,U,95.0,,Software Test Engineer IV,IT,Mass Customer,N,No,,4701.0,QLD,Australia,1.0
4878,4915,144,2017-06-18,1.0,Approved,Giant Bicycles,Standard,medium,large,1812.75,582.48,40336.0,Jory Barrabeale,U,71.0,,Environmental Tech,IT,Mass Customer,N,No,,2315.0,NSW,Australia,3.0
4891,4928,2295,2017-07-29,0.0,Approved,Giant Bicycles,Standard,medium,small,1311.44,1167.18,38750.0,Farris Hazelby,U,35.0,,Internal Auditor,IT,Mass Customer,N,Yes,,2156.0,NSW,Australia,12.0
4910,4947,2920,2017-04-19,1.0,Approved,WeareA2B,Standard,medium,medium,1807.45,778.69,34996.0,Casar Ritchley,U,0.0,,Business Systems Development Analyst,IT,Mass Customer,N,Yes,,2299.0,NSW,Australia,8.0
4933,4971,480,2017-04-27,0.0,Approved,Giant Bicycles,Standard,medium,medium,1403.5,954.82,42688.0,Darelle Ive,U,67.0,,Registered Nurse,Health,Mass Customer,N,Yes,,2320.0,NSW,Australia,6.0
5033,5072,2069,2017-11-09,0.0,Approved,WeareA2B,Standard,medium,medium,1992.93,762.63,37698.0,Sol Holdron,U,32.0,,Software Test Engineer IV,IT,Mass Customer,N,Yes,,4509.0,QLD,Australia,7.0
5058,5097,2642,2017-12-10,0.0,Approved,WeareA2B,Standard,medium,medium,1762.96,950.52,41848.0,Arabelle Rentelll,U,36.0,,VP Accounting,Financial Services,High Net Worth,N,No,,4106.0,QLD,Australia,5.0
5118,5157,1,2017-05-11,1.0,Approved,Trek Bicycles,Road,low,small,1720.7,1531.42,37823.0,Laraine Medendorp,F,93.0,1953-10-12,Executive Secretary,Health,Mass Customer,N,Yes,11.0,2016.0,NSW,Australia,10.0
5157,5197,2697,2017-09-21,1.0,Approved,OHM Cycles,Standard,medium,medium,1636.9,44.71,40410.0,Klarika Yerby,U,70.0,,Legal Assistant,IT,High Net Worth,N,No,,2067.0,NSW,Australia,12.0
5206,5247,685,2017-09-19,0.0,Approved,WeareA2B,Standard,medium,medium,1807.45,778.69,42145.0,Booth Birkin,U,28.0,,Senior Developer,IT,Mass Customer,N,No,,2463.0,NSW,Australia,4.0
5260,5303,3223,2017-11-25,1.0,Approved,WeareA2B,Standard,medium,medium,1231.15,161.6,37838.0,Tiffi Wortt,U,44.0,,Database Administrator III,IT,Mass Customer,N,Yes,,2021.0,NSW,Australia,9.0
5389,5432,975,2017-02-09,0.0,Approved,Trek Bicycles,Standard,medium,medium,499.53,388.72,36334.0,Goldarina Rzehorz,U,26.0,,Automation Specialist IV,IT,Mass Customer,N,No,,2760.0,NSW,Australia,8.0
5524,5567,3151,2017-10-09,0.0,Approved,Trek Bicycles,Mountain,low,medium,574.64,459.71,40649.0,Thorn Choffin,U,20.0,,Senior Developer,IT,Affluent Customer,N,Yes,,4055.0,QLD,Australia,8.0
5547,5590,168,2017-07-29,0.0,Approved,Norco Bicycles,Road,medium,medium,543.39,407.54,34556.0,Reggie Broggetti,U,8.0,,General Manager,IT,Affluent Customer,N,Yes,,3020.0,VIC,Australia,6.0
5556,5599,2999,2017-12-22,1.0,Approved,Norco Bicycles,Standard,high,medium,1148.64,689.18,35667.0,Rinaldo Diggin,U,28.0,,Business Systems Development Analyst,IT,Affluent Customer,N,Yes,,3023.0,VIC,Australia,8.0
5652,5696,3151,2017-12-11,0.0,Approved,Solex,Road,medium,small,1703.52,1516.13,37838.0,Thorn Choffin,U,20.0,,Senior Developer,IT,Affluent Customer,N,Yes,,4055.0,QLD,Australia,8.0
5686,5730,2252,2017-02-06,0.0,Approved,Giant Bicycles,Road,low,small,590.26,525.33,34996.0,Darcey Annis,U,31.0,,Teacher,IT,High Net Worth,N,Yes,,3183.0,VIC,Australia,7.0
5820,5865,1038,2017-11-28,1.0,Approved,Giant Bicycles,Standard,high,small,1977.36,1759.85,34143.0,Fraser Acome,U,57.0,,Engineer I,Manufacturing,Mass Customer,N,Yes,,3809.0,VIC,Australia,6.0
5879,5924,57,2017-11-25,1.0,Approved,Giant Bicycles,Road,low,small,590.26,525.33,37499.0,Abba Masedon,M,87.0,1988-06-13,Chief Design Engineer,,Mass Customer,N,Yes,13.0,4280.0,QLD,Australia,6.0
6019,6064,680,2017-09-15,1.0,Approved,Giant Bicycles,Standard,medium,medium,642.7,211.37,35052.0,Gay Pickersgill,U,22.0,,,IT,High Net Worth,N,Yes,,2209.0,NSW,Australia,7.0
6167,6215,799,2017-03-19,1.0,Approved,Norco Bicycles,Standard,medium,small,586.45,521.94,36145.0,Harland Spilisy,U,39.0,,Programmer I,IT,Mass Customer,N,Yes,,2756.0,NSW,Australia,8.0
6214,6263,685,2017-07-13,1.0,Approved,Norco Bicycles,Standard,high,small,1661.92,1479.11,34586.0,Booth Birkin,U,28.0,,Senior Developer,IT,Mass Customer,N,No,,2463.0,NSW,Australia,4.0
6217,6266,1990,2017-04-24,1.0,Approved,Norco Bicycles,Road,medium,large,1240.31,795.1,40553.0,Mira Askham,U,9.0,,Senior Financial Analyst,Financial Services,High Net Worth,N,No,,2567.0,NSW,Australia,8.0
6488,6541,2697,2017-04-25,1.0,Approved,Trek Bicycles,Standard,high,medium,358.39,215.03,38002.0,Klarika Yerby,U,70.0,,Legal Assistant,IT,High Net Worth,N,No,,2067.0,NSW,Australia,12.0
6532,6585,1351,2017-02-28,1.0,Approved,WeareA2B,Touring,medium,large,1362.99,57.74,34079.0,Lorettalorna ,U,32.0,,Office Assistant IV,IT,High Net Worth,N,No,,3564.0,VIC,Australia,2.0
6535,6588,451,2017-04-06,0.0,Approved,WeareA2B,Standard,medium,medium,60.34,45.26,34165.0,Marlow Flowerdew,U,37.0,,Quality Control Specialist,IT,High Net Worth,N,No,,3192.0,VIC,Australia,10.0
6595,6650,1477,2017-01-20,1.0,Approved,WeareA2B,Standard,medium,medium,1292.84,13.44,37823.0,Leo Balharry,U,42.0,,Actuary,Financial Services,Mass Customer,N,Yes,,2440.0,NSW,Australia,3.0
6640,6696,267,2017-08-22,1.0,Approved,Giant Bicycles,Standard,high,medium,1274.93,764.96,39298.0,Edgar Buckler,U,53.0,,,IT,High Net Worth,N,No,,2768.0,NSW,Australia,10.0
6688,6744,1990,2017-02-19,,Approved,OHM Cycles,Standard,high,medium,1458.17,874.9,38750.0,Mira Askham,U,9.0,,Senior Financial Analyst,Financial Services,High Net Worth,N,No,,2567.0,NSW,Australia,8.0
6723,6779,2295,2017-12-13,0.0,Approved,OHM Cycles,Standard,low,medium,1793.43,248.82,40336.0,Farris Hazelby,U,35.0,,Internal Auditor,IT,Mass Customer,N,Yes,,2156.0,NSW,Australia,12.0
6776,6832,3288,2017-05-11,1.0,Approved,Trek Bicycles,Standard,medium,small,1386.84,1234.29,37838.0,Fair Dewen,U,47.0,,Engineer III,IT,High Net Worth,N,No,,2770.0,NSW,Australia,9.0
6821,6877,168,2017-03-24,0.0,Approved,WeareA2B,Standard,medium,medium,1231.15,161.6,42172.0,Reggie Broggetti,U,8.0,,General Manager,IT,Affluent Customer,N,Yes,,3020.0,VIC,Australia,6.0
7218,7281,3151,2017-06-02,1.0,Approved,WeareA2B,Standard,medium,small,1415.01,1259.36,41434.0,Thorn Choffin,U,20.0,,Senior Developer,IT,Affluent Customer,N,Yes,,4055.0,QLD,Australia,8.0
7222,7285,975,2017-09-10,0.0,Approved,Trek Bicycles,Standard,high,medium,358.39,215.03,38002.0,Goldarina Rzehorz,U,26.0,,Automation Specialist IV,IT,Mass Customer,N,No,,2760.0,NSW,Australia,8.0
7237,7300,1683,2017-03-28,0.0,Approved,Trek Bicycles,Road,medium,medium,533.51,400.13,37823.0,Brenn Bacon,U,72.0,,Budget/Accounting Analyst I,IT,Mass Customer,N,Yes,,2028.0,NSW,Australia,12.0
7276,7339,454,2017-11-11,0.0,Approved,Norco Bicycles,Standard,medium,small,1216.14,1082.36,42696.0,Eugenie Domenc,U,58.0,,Research Nurse,Health,Affluent Customer,N,Yes,,4221.0,QLD,Australia,10.0
7296,7360,1773,2017-04-11,0.0,Approved,Trek Bicycles,Standard,medium,small,1775.81,1580.47,35160.0,Nickolas Guittet,U,82.0,,,IT,Mass Customer,N,Yes,,2114.0,NSW,Australia,8.0
7300,7364,950,2017-11-28,0.0,Approved,Giant Bicycles,Standard,medium,large,1635.3,993.66,41434.0,Bret Ivakhnov,U,24.0,,Recruiter,IT,High Net Worth,N,Yes,,4218.0,QLD,Australia,5.0
7321,7385,799,2017-03-24,1.0,Approved,Norco Bicycles,Standard,high,small,1661.92,1479.11,40670.0,Harland Spilisy,U,39.0,,Programmer I,IT,Mass Customer,N,Yes,,2756.0,NSW,Australia,8.0
7347,7411,2165,2017-07-07,0.0,Approved,OHM Cycles,Standard,medium,medium,183.86,137.9,35707.0,Marlie Teesdale,U,16.0,,Civil Engineer,Manufacturing,Affluent Customer,N,No,,3030.0,VIC,Australia,6.0
7445,7509,2341,2017-12-14,1.0,Approved,WeareA2B,Standard,medium,medium,1992.93,762.63,37337.0,Caterina Scedall,U,41.0,,Web Designer II,IT,Mass Customer,N,Yes,,3806.0,VIC,Australia,9.0
7463,7527,3222,2017-01-28,0.0,Approved,Giant Bicycles,Standard,medium,large,1635.3,993.66,41434.0,Caralie Sellors,U,40.0,,Senior Editor,IT,Affluent Customer,N,No,,4030.0,QLD,Australia,9.0
7526,7590,2697,2017-02-15,1.0,Approved,OHM Cycles,Standard,medium,medium,1636.9,44.71,40410.0,Klarika Yerby,U,70.0,,Legal Assistant,IT,High Net Worth,N,No,,2067.0,NSW,Australia,12.0
7550,7615,2165,2017-06-05,1.0,Approved,Trek Bicycles,Standard,high,medium,358.39,215.03,38002.0,Marlie Teesdale,U,16.0,,Civil Engineer,Manufacturing,Affluent Customer,N,No,,3030.0,VIC,Australia,6.0
7557,7622,599,2017-06-21,0.0,Approved,Trek Bicycles,Standard,medium,large,2091.47,388.92,41167.0,Ernestus Cruden,U,48.0,,Senior Financial Analyst,Financial Services,Mass Customer,N,Yes,,3068.0,VIC,Australia,8.0
7563,7628,1210,2017-02-13,1.0,Approved,WeareA2B,Standard,medium,medium,1231.15,161.6,38216.0,Shandie Sprigg,U,81.0,,Programmer II,IT,Mass Customer,N,No,,2230.0,NSW,Australia,9.0
7693,7761,1918,2017-06-06,0.0,Approved,Norco Bicycles,Road,medium,medium,544.05,376.84,38647.0,Devin Sandeson,U,83.0,,Staff Accountant II,IT,Affluent Customer,N,No,,2261.0,NSW,Australia,8.0
7705,7773,2165,2017-04-12,0.0,Approved,Norco Bicycles,Standard,medium,medium,1198.46,381.1,36145.0,Marlie Teesdale,U,16.0,,Civil Engineer,Manufacturing,Affluent Customer,N,No,,3030.0,VIC,Australia,6.0
7726,7795,2000,2017-11-16,0.0,Approved,WeareA2B,Standard,medium,medium,1762.96,950.52,37220.0,Kain Rene,U,68.0,,Assistant Professor,IT,High Net Worth,N,Yes,,2147.0,NSW,Australia,8.0
7727,7796,1990,2017-12-21,0.0,Cancelled,Giant Bicycles,Standard,medium,medium,230.91,173.18,39031.0,Mira Askham,U,9.0,,Senior Financial Analyst,Financial Services,High Net Worth,N,No,,2567.0,NSW,Australia,8.0
7728,7797,57,2017-11-10,1.0,Approved,WeareA2B,Standard,medium,medium,1992.93,762.63,33888.0,Abba Masedon,M,87.0,1988-06-13,Chief Design Engineer,,Mass Customer,N,Yes,13.0,4280.0,QLD,Australia,6.0
7735,7804,1990,2017-09-08,0.0,Approved,Trek Bicycles,Road,low,small,1720.7,1531.42,38991.0,Mira Askham,U,9.0,,Senior Financial Analyst,Financial Services,High Net Worth,N,No,,2567.0,NSW,Australia,8.0
7740,7809,2205,2017-09-21,0.0,Approved,OHM Cycles,Touring,low,medium,1073.07,933.84,35455.0,Birk Elphey,U,76.0,,Accounting Assistant III,IT,Mass Customer,N,No,,3101.0,VIC,Australia,8.0
7843,7913,1044,2017-01-23,1.0,Approved,Norco Bicycles,Standard,medium,small,586.45,521.94,33429.0,Frederico Whilder,U,4.0,,Food Chemist,Health,High Net Worth,N,No,,4570.0,QLD,Australia,1.0
7928,7999,1780,2017-07-30,0.0,Approved,Trek Bicycles,Standard,medium,small,1386.84,1234.29,37838.0,Maude Tixier,U,52.0,,Research Associate,IT,Mass Customer,N,No,,3976.0,VIC,Australia,3.0
7960,8031,3288,2017-04-11,1.0,Approved,Norco Bicycles,Road,medium,large,1240.31,795.1,40553.0,Fair Dewen,U,47.0,,Engineer III,IT,High Net Worth,N,No,,2770.0,NSW,Australia,9.0
7989,8060,1244,2017-04-16,1.0,Approved,OHM Cycles,Road,medium,medium,742.54,667.4,38216.0,Glenn Tinham,U,80.0,,Financial Analyst,Financial Services,Mass Customer,N,Yes,,2127.0,NSW,Australia,8.0
8100,8172,1806,2017-11-23,1.0,Approved,Solex,Standard,high,medium,1024.66,614.8,35378.0,Gil De Gregorio,U,95.0,,Software Test Engineer IV,IT,Mass Customer,N,No,,4701.0,QLD,Australia,1.0
8110,8182,2252,2017-06-02,0.0,Approved,Norco Bicycles,Standard,high,small,1661.92,1479.11,40303.0,Darcey Annis,U,31.0,,Teacher,IT,High Net Worth,N,Yes,,3183.0,VIC,Australia,7.0
8119,8191,267,2017-01-18,0.0,Approved,Giant Bicycles,Road,medium,medium,792.9,594.68,33879.0,Edgar Buckler,U,53.0,,,IT,High Net Worth,N,No,,2768.0,NSW,Australia,10.0
8124,8196,1351,2017-12-13,1.0,Approved,WeareA2B,Road,low,small,1172.78,1043.77,37539.0,Lorettalorna ,U,32.0,,Office Assistant IV,IT,High Net Worth,N,No,,3564.0,VIC,Australia,2.0
8188,8261,513,2017-12-16,1.0,Approved,OHM Cycles,Standard,low,medium,1793.43,248.82,36361.0,Kienan Soar,U,30.0,,Tax Accountant,IT,Mass Customer,N,No,,3126.0,VIC,Australia,12.0
8415,8493,1780,2017-11-22,1.0,Approved,Norco Bicycles,Standard,medium,small,586.45,521.94,33429.0,Maude Tixier,U,52.0,,Research Associate,IT,Mass Customer,N,No,,3976.0,VIC,Australia,3.0
8434,8512,2335,2017-08-06,1.0,Approved,WeareA2B,Touring,medium,large,1890.39,260.14,33259.0,Payton Sheach,U,42.0,,Account Executive,IT,Mass Customer,N,No,,2076.0,NSW,Australia,9.0
8444,8522,892,2017-06-13,0.0,Approved,WeareA2B,Touring,medium,medium,1466.68,363.25,35378.0,Conroy Healy,U,22.0,,Office Assistant II,IT,Mass Customer,N,Yes,,3765.0,VIC,Australia,8.0
8484,8563,1780,2017-06-14,0.0,Approved,Solex,Touring,medium,large,2083.94,675.03,41533.0,Maude Tixier,U,52.0,,Research Associate,IT,Mass Customer,N,No,,3976.0,VIC,Australia,3.0
8494,8573,950,2017-07-13,1.0,Approved,Giant Bicycles,Standard,medium,large,1812.75,582.48,40672.0,Bret Ivakhnov,U,24.0,,Recruiter,IT,High Net Worth,N,Yes,,4218.0,QLD,Australia,5.0
8553,8635,3343,2017-10-13,1.0,Approved,Norco Bicycles,Standard,medium,small,586.45,521.94,38339.0,Cristabel Bim,U,3.0,,Recruiter,IT,Mass Customer,N,Yes,,3228.0,VIC,Australia,8.0
8608,8690,1773,2017-07-24,1.0,Approved,Solex,Touring,medium,large,2083.94,675.03,34079.0,Nickolas Guittet,U,82.0,,,IT,Mass Customer,N,Yes,,2114.0,NSW,Australia,8.0
8681,8763,799,2017-07-01,0.0,Approved,Solex,Standard,medium,medium,1163.89,589.27,42560.0,Harland Spilisy,U,39.0,,Programmer I,IT,Mass Customer,N,Yes,,2756.0,NSW,Australia,8.0
8700,8782,2696,2017-02-09,0.0,Approved,OHM Cycles,Standard,medium,medium,1636.9,44.71,37499.0,Isabelle Bursnoll,U,42.0,,Social Worker,Health,Mass Customer,N,Yes,,4031.0,QLD,Australia,8.0
8715,8797,1990,2017-12-20,1.0,Approved,Norco Bicycles,Road,medium,medium,1036.59,206.35,33364.0,Mira Askham,U,9.0,,Senior Financial Analyst,Financial Services,High Net Worth,N,No,,2567.0,NSW,Australia,8.0
8741,8823,2540,2017-10-28,1.0,Approved,OHM Cycles,Road,medium,small,1810.0,1610.9,40672.0,Donavon ,U,14.0,,Executive Secretary,IT,Mass Customer,N,Yes,,2560.0,NSW,Australia,7.0
8792,8874,1938,2017-03-20,0.0,Approved,WeareA2B,Standard,medium,small,1415.01,1259.36,42458.0,Austin Toopin,U,47.0,,Automation Specialist IV,IT,Mass Customer,N,Yes,,4670.0,QLD,Australia,2.0
8798,8880,2295,2017-08-30,0.0,Approved,OHM Cycles,Standard,medium,medium,912.52,141.4,34170.0,Farris Hazelby,U,35.0,,Internal Auditor,IT,Mass Customer,N,Yes,,2156.0,NSW,Australia,12.0
8891,8975,3086,2017-11-18,0.0,Approved,Giant Bicycles,Standard,medium,small,1311.44,1167.18,33888.0,Pieter Gadesby,U,18.0,,Biostatistician I,IT,High Net Worth,N,No,,4116.0,QLD,Australia,7.0
8917,9001,2414,2017-12-26,0.0,Approved,OHM Cycles,Road,medium,small,1810.0,1610.9,40672.0,Basile Bowlas,U,18.0,,Registered Nurse,Health,Mass Customer,N,Yes,,3802.0,VIC,Australia,7.0
8953,9037,892,2017-01-02,0.0,Approved,Trek Bicycles,Road,medium,medium,533.51,400.13,41064.0,Conroy Healy,U,22.0,,Office Assistant II,IT,Mass Customer,N,Yes,,3765.0,VIC,Australia,8.0
8960,9044,34,2017-02-13,0.0,Approved,WeareA2B,Standard,medium,medium,1231.15,161.6,38216.0,Jephthah Bachmann,U,59.0,1843-12-21,Legal Assistant,IT,Affluent Customer,N,No,20.0,4005.0,QLD,Australia,8.0
8993,9077,3151,2017-03-25,1.0,Approved,Trek Bicycles,Road,low,small,1720.7,1531.42,37220.0,Thorn Choffin,U,20.0,,Senior Developer,IT,Affluent Customer,N,Yes,,4055.0,QLD,Australia,8.0
9011,9095,526,2017-07-29,1.0,Approved,Solex,Standard,high,medium,748.17,448.9,37337.0,Ardelle ,U,9.0,,Social Worker,Health,Mass Customer,N,Yes,,2068.0,NSW,Australia,12.0
9061,9145,3343,2017-01-27,0.0,Approved,OHM Cycles,Road,medium,medium,1280.28,829.51,37823.0,Cristabel Bim,U,3.0,,Recruiter,IT,Mass Customer,N,Yes,,3228.0,VIC,Australia,8.0
9087,9171,2341,2017-04-15,0.0,Approved,Trek Bicycles,Road,low,small,1720.7,1531.42,35470.0,Caterina Scedall,U,41.0,,Web Designer II,IT,Mass Customer,N,Yes,,3806.0,VIC,Australia,9.0
9106,9191,2999,2017-05-02,1.0,Approved,OHM Cycles,Road,high,large,12.01,7.21,34244.0,Rinaldo Diggin,U,28.0,,Business Systems Development Analyst,IT,Affluent Customer,N,Yes,,3023.0,VIC,Australia,8.0
9142,9227,267,2017-01-23,0.0,Approved,WeareA2B,Standard,medium,medium,1762.96,950.52,41848.0,Edgar Buckler,U,53.0,,,IT,High Net Worth,N,No,,2768.0,NSW,Australia,10.0
9192,9279,2647,2017-10-31,1.0,Approved,OHM Cycles,Standard,medium,medium,235.63,125.07,38206.0,Marcelia Blannin,U,1.0,,Physical Therapy Assistant,IT,High Net Worth,N,No,,2770.0,NSW,Australia,7.0
9234,9321,1477,2017-05-03,1.0,Approved,OHM Cycles,Standard,medium,medium,183.86,137.9,41047.0,Leo Balharry,U,42.0,,Actuary,Financial Services,Mass Customer,N,Yes,,2440.0,NSW,Australia,3.0
9244,9332,685,2017-09-09,1.0,Approved,Giant Bicycles,Road,low,small,590.26,525.33,40487.0,Booth Birkin,U,28.0,,Senior Developer,IT,Mass Customer,N,No,,2463.0,NSW,Australia,4.0
9299,9387,3223,2017-05-25,1.0,Approved,Norco Bicycles,Road,medium,large,1240.31,795.1,41533.0,Tiffi Wortt,U,44.0,,Database Administrator III,IT,Mass Customer,N,Yes,,2021.0,NSW,Australia,9.0
9302,9390,1938,2017-05-15,0.0,Approved,Solex,Standard,medium,medium,1483.2,99.59,33879.0,Austin Toopin,U,47.0,,Automation Specialist IV,IT,Mass Customer,N,Yes,,4670.0,QLD,Australia,2.0
9359,9448,2999,2017-10-26,0.0,Approved,Solex,Standard,medium,medium,1483.2,99.59,33879.0,Rinaldo Diggin,U,28.0,,Business Systems Development Analyst,IT,Affluent Customer,N,Yes,,3023.0,VIC,Australia,8.0
9362,9451,453,2017-09-02,0.0,Approved,OHM Cycles,Touring,low,medium,1073.07,933.84,35455.0,Cornelius Yarmouth,U,81.0,,Assistant Professor,IT,High Net Worth,N,No,,2170.0,NSW,Australia,10.0
9426,9517,2069,2017-08-08,0.0,Approved,Solex,Standard,medium,medium,478.16,298.72,41047.0,Sol Holdron,U,32.0,,Software Test Engineer IV,IT,Mass Customer,N,Yes,,4509.0,QLD,Australia,7.0
9455,9546,996,2017-09-11,0.0,Approved,WeareA2B,Standard,medium,medium,1762.96,950.52,42688.0,Aura Bemlott,U,67.0,,Assistant Manager,IT,Mass Customer,N,Yes,,2194.0,NSW,Australia,10.0
9464,9555,1174,2017-12-04,1.0,Approved,WeareA2B,Touring,medium,large,1890.39,260.14,33259.0,Shellysheldon Gooderridge,U,9.0,,Executive Secretary,IT,Mass Customer,N,No,,2529.0,NSW,Australia,7.0
9533,9624,2335,2017-12-19,1.0,Approved,Giant Bicycles,Standard,medium,large,1765.3,709.48,38193.0,Payton Sheach,U,42.0,,Account Executive,IT,Mass Customer,N,No,,2076.0,NSW,Australia,9.0
9549,9641,2165,2017-06-18,1.0,Approved,Norco Bicycles,Standard,high,medium,1148.64,689.18,42226.0,Marlie Teesdale,U,16.0,,Civil Engineer,Manufacturing,Affluent Customer,N,No,,3030.0,VIC,Australia,6.0
9617,9709,1244,2017-10-06,0.0,Approved,Trek Bicycles,Standard,medium,small,1386.84,1234.29,41345.0,Glenn Tinham,U,80.0,,Financial Analyst,Financial Services,Mass Customer,N,Yes,,2127.0,NSW,Australia,8.0
9629,9722,1044,2017-01-17,0.0,Approved,OHM Cycles,Standard,medium,medium,912.52,141.4,42295.0,Frederico Whilder,U,4.0,,Food Chemist,Health,High Net Worth,N,No,,4570.0,QLD,Australia,1.0
9667,9761,290,2017-07-15,0.0,Approved,Solex,Touring,medium,large,2083.94,675.03,41533.0,Giorgio Kevane,U,42.0,,Senior Sales Associate,IT,Mass Customer,N,No,,2766.0,NSW,Australia,9.0
9691,9785,1,2017-01-05,0.0,Approved,Norco Bicycles,Standard,medium,medium,360.4,270.3,37873.0,Laraine Medendorp,F,93.0,1953-10-12,Executive Secretary,Health,Mass Customer,N,Yes,11.0,2016.0,NSW,Australia,10.0
9698,9792,34,2017-06-25,1.0,Approved,Giant Bicycles,Standard,high,small,1977.36,1759.85,40779.0,Jephthah Bachmann,U,59.0,1843-12-21,Legal Assistant,IT,Affluent Customer,N,No,20.0,4005.0,QLD,Australia,8.0
9710,9804,1990,2017-10-05,0.0,Approved,WeareA2B,Standard,medium,medium,60.34,45.26,34165.0,Mira Askham,U,9.0,,Senior Financial Analyst,Financial Services,High Net Worth,N,No,,2567.0,NSW,Australia,8.0
9711,9805,3086,2017-07-03,1.0,Approved,Trek Bicycles,Mountain,low,medium,574.64,459.71,40784.0,Pieter Gadesby,U,18.0,,Biostatistician I,IT,High Net Worth,N,No,,4116.0,QLD,Australia,7.0
9835,9929,799,2017-12-20,1.0,Approved,OHM Cycles,Standard,high,medium,1458.17,874.9,34071.0,Harland Spilisy,U,39.0,,Programmer I,IT,Mass Customer,N,Yes,,2756.0,NSW,Australia,8.0
9890,9984,582,2017-07-20,1.0,Approved,Trek Bicycles,Standard,medium,medium,499.53,388.72,36334.0,Rhoda McKeown,U,21.0,,Staff Scientist,IT,Affluent Customer,N,No,,2283.0,NSW,Australia,4.0
9909,10004,2963,2017-04-08,0.0,Approved,Giant Bicycles,Standard,medium,medium,1403.5,954.82,41245.0,Christin Fricke,U,17.0,,Safety Technician II,IT,Affluent Customer,N,Yes,,2114.0,NSW,Australia,10.0
9932,10027,1628,2017-08-08,0.0,Approved,Trek Bicycles,Standard,medium,large,2091.47,388.92,37499.0,Hermione Brereton,U,13.0,,Assistant Manager,IT,Mass Customer,N,No,,2528.0,NSW,Australia,6.0
9950,10046,2697,2017-04-11,1.0,Approved,Solex,Standard,medium,large,202.62,151.96,42458.0,Klarika Yerby,U,70.0,,Legal Assistant,IT,High Net Worth,N,No,,2067.0,NSW,Australia,12.0
10013,10109,453,2017-07-18,0.0,Approved,Norco Bicycles,Standard,high,small,1661.92,1479.11,34586.0,Cornelius Yarmouth,U,81.0,,Assistant Professor,IT,High Net Worth,N,No,,2170.0,NSW,Australia,10.0
10088,10184,3298,2017-04-21,0.0,Approved,Solex,Standard,medium,medium,1577.53,826.51,34071.0,Christine Baignard,U,1.0,,VP Quality Control,IT,Affluent Customer,N,Yes,,3064.0,VIC,Australia,7.0
10169,10265,892,2017-09-18,1.0,Approved,Giant Bicycles,Standard,medium,small,1311.44,1167.18,34527.0,Conroy Healy,U,22.0,,Office Assistant II,IT,Mass Customer,N,Yes,,3765.0,VIC,Australia,8.0
10254,10350,892,2017-06-09,0.0,Approved,Giant Bicycles,Standard,high,medium,1274.93,764.96,34586.0,Conroy Healy,U,22.0,,Office Assistant II,IT,Mass Customer,N,Yes,,3765.0,VIC,Australia,8.0
10332,10428,1806,2017-03-13,0.0,Approved,WeareA2B,Standard,medium,medium,1807.45,778.69,42145.0,Gil De Gregorio,U,95.0,,Software Test Engineer IV,IT,Mass Customer,N,No,,4701.0,QLD,Australia,1.0
10379,10475,3365,2017-10-20,1.0,Approved,WeareA2B,Standard,medium,medium,1292.84,13.44,39915.0,Karlens Chaffyn,U,29.0,,Engineer III,IT,Mass Customer,N,No,,2766.0,NSW,Australia,9.0
10394,10490,799,2017-07-27,1.0,Approved,Norco Bicycles,Standard,medium,medium,1198.46,381.1,37539.0,Harland Spilisy,U,39.0,,Programmer I,IT,Mass Customer,N,Yes,,2756.0,NSW,Australia,8.0
10413,10509,1773,2017-06-01,0.0,Approved,Solex,Standard,high,medium,748.17,448.9,35052.0,Nickolas Guittet,U,82.0,,,IT,Mass Customer,N,Yes,,2114.0,NSW,Australia,8.0
10428,10524,2426,2017-12-14,1.0,Approved,WeareA2B,Standard,medium,medium,1992.93,762.63,36334.0,Yancy Ovett,U,64.0,,,IT,Affluent Customer,N,Yes,,2145.0,NSW,Australia,10.0
10485,10582,2341,2017-07-13,0.0,Approved,Trek Bicycles,Standard,medium,large,2091.47,388.92,41167.0,Caterina Scedall,U,41.0,,Web Designer II,IT,Mass Customer,N,Yes,,3806.0,VIC,Australia,9.0
10499,10596,2335,2017-10-29,1.0,Approved,WeareA2B,Standard,medium,small,1415.01,1259.36,37626.0,Payton Sheach,U,42.0,,Account Executive,IT,Mass Customer,N,No,,2076.0,NSW,Australia,9.0
10567,10664,983,2017-09-30,1.0,Approved,Trek Bicycles,Road,low,medium,980.37,234.43,38258.0,Shaylyn Riggs,U,49.0,,,IT,Affluent Customer,N,No,,2027.0,NSW,Australia,11.0
10640,10737,1740,2017-11-11,0.0,Approved,OHM Cycles,Standard,medium,medium,795.34,101.58,34170.0,Faythe Janaszewski,U,83.0,,Research Associate,IT,Mass Customer,N,Yes,,3796.0,VIC,Australia,8.0
10660,10757,839,2017-05-22,0.0,Approved,Trek Bicycles,Mountain,low,medium,574.64,459.71,40784.0,Charis Greaves,U,14.0,,Structural Analysis Engineer,IT,Mass Customer,N,Yes,,2880.0,NSW,Australia,1.0
10684,10781,2642,2017-03-05,0.0,Approved,WeareA2B,Touring,medium,medium,1466.68,363.25,41701.0,Arabelle Rentelll,U,36.0,,VP Accounting,Financial Services,High Net Worth,N,No,,4106.0,QLD,Australia,5.0
10696,10793,548,2017-12-09,0.0,Approved,OHM Cycles,Touring,low,medium,1073.07,933.84,38206.0,Georgie Cudbertson,U,84.0,,,IT,High Net Worth,N,Yes,,4127.0,QLD,Australia,7.0
10699,10796,975,2017-10-30,1.0,Approved,Solex,Standard,low,medium,1289.85,74.51,39427.0,Goldarina Rzehorz,U,26.0,,Automation Specialist IV,IT,Mass Customer,N,No,,2760.0,NSW,Australia,8.0
10712,10809,1210,2017-10-14,0.0,Approved,WeareA2B,Standard,medium,small,1415.01,1259.36,37626.0,Shandie Sprigg,U,81.0,,Programmer II,IT,Mass Customer,N,No,,2230.0,NSW,Australia,9.0
10753,10850,144,2017-11-29,0.0,Approved,Norco Bicycles,Road,medium,large,1240.31,795.1,40553.0,Jory Barrabeale,U,71.0,,Environmental Tech,IT,Mass Customer,N,No,,2315.0,NSW,Australia,3.0
10762,10859,2469,2017-08-06,1.0,Approved,Solex,Standard,medium,medium,441.49,84.99,35470.0,Kermie Hedger,U,18.0,,Accounting Assistant II,IT,Mass Customer,N,Yes,,2036.0,NSW,Australia,11.0
10802,10900,3012,2017-06-11,0.0,Approved,Trek Bicycles,Road,medium,large,1894.19,598.76,35707.0,Devland Probart,U,81.0,,Technical Writer,IT,Mass Customer,N,Yes,,3250.0,VIC,Australia,2.0
10826,10924,168,2017-03-26,1.0,Approved,WeareA2B,Standard,medium,medium,1292.84,13.44,38482.0,Reggie Broggetti,U,8.0,,General Manager,IT,Affluent Customer,N,Yes,,3020.0,VIC,Australia,6.0
10940,11040,2540,2017-04-10,1.0,Approved,Giant Bicycles,Road,medium,medium,792.9,594.68,42710.0,Donavon ,U,14.0,,Executive Secretary,IT,Mass Customer,N,Yes,,2560.0,NSW,Australia,7.0
10979,11079,3473,2017-08-04,0.0,Approved,Giant Bicycles,Standard,medium,medium,1403.5,954.82,35667.0,Sanderson Alloway,U,34.0,,Analog Circuit Design manager,IT,Mass Customer,N,No,,3803.0,VIC,Australia,7.0
11014,11114,3322,2017-01-21,0.0,Approved,Giant Bicycles,Standard,high,medium,1179.0,707.4,36367.0,Hew Sworder,U,24.0,,Financial Analyst,Financial Services,Affluent Customer,N,Yes,,2094.0,NSW,Australia,10.0
11038,11139,1477,2017-04-26,1.0,Approved,Trek Bicycles,Standard,high,medium,358.39,215.03,34556.0,Leo Balharry,U,42.0,,Actuary,Financial Services,Mass Customer,N,Yes,,2440.0,NSW,Australia,3.0
11068,11169,144,2017-11-02,1.0,Approved,Norco Bicycles,Standard,medium,medium,1198.46,381.1,36145.0,Jory Barrabeale,U,71.0,,Environmental Tech,IT,Mass Customer,N,No,,2315.0,NSW,Australia,3.0
11135,11237,168,2017-06-01,1.0,Approved,Giant Bicycles,Road,medium,medium,792.9,594.68,35052.0,Reggie Broggetti,U,8.0,,General Manager,IT,Affluent Customer,N,Yes,,3020.0,VIC,Australia,6.0
11194,11296,57,2017-01-20,0.0,Approved,Solex,Standard,medium,large,1071.23,380.74,42404.0,Abba Masedon,M,87.0,1988-06-13,Chief Design Engineer,,Mass Customer,N,Yes,13.0,4280.0,QLD,Australia,6.0
11221,11323,3086,2017-07-20,1.0,Approved,Norco Bicycles,Road,high,large,774.53,464.72,37698.0,Pieter Gadesby,U,18.0,,Biostatistician I,IT,High Net Worth,N,No,,4116.0,QLD,Australia,7.0
11222,11324,2854,2017-07-06,,Approved,Norco Bicycles,Standard,high,small,1661.92,1479.11,38750.0,Vikky Dyde,U,49.0,,Project Manager,IT,High Net Worth,N,Yes,,2323.0,NSW,Australia,4.0
11264,11366,1509,2017-09-27,1.0,Approved,WeareA2B,Standard,low,medium,642.31,513.85,33429.0,Sibley Janek,U,10.0,,Computer Systems Analyst I,IT,High Net Worth,N,Yes,,2227.0,NSW,Australia,10.0
11350,11453,2295,2017-06-21,0.0,Approved,Giant Bicycles,Standard,medium,large,1812.75,582.48,36498.0,Farris Hazelby,U,35.0,,Internal Auditor,IT,Mass Customer,N,Yes,,2156.0,NSW,Australia,12.0
11384,11487,1918,2017-06-26,1.0,Approved,Giant Bicycles,Standard,high,small,1977.36,1759.85,40779.0,Devin Sandeson,U,83.0,,Staff Accountant II,IT,Affluent Customer,N,No,,2261.0,NSW,Australia,8.0
11460,11566,454,2017-04-14,0.0,Approved,Giant Bicycles,Standard,high,medium,1129.13,677.48,41701.0,Eugenie Domenc,U,58.0,,Research Nurse,Health,Affluent Customer,N,Yes,,4221.0,QLD,Australia,10.0
11524,11630,996,2017-10-28,1.0,Approved,Norco Bicycles,Road,medium,medium,1036.59,206.35,41922.0,Aura Bemlott,U,67.0,,Assistant Manager,IT,Mass Customer,N,Yes,,2194.0,NSW,Australia,10.0
11527,11633,1806,2017-04-10,0.0,Approved,Solex,Standard,high,medium,1024.66,614.8,35378.0,Gil De Gregorio,U,95.0,,Software Test Engineer IV,IT,Mass Customer,N,No,,4701.0,QLD,Australia,1.0
11772,11880,3322,2017-07-29,0.0,Approved,Solex,Standard,medium,medium,575.27,431.45,39880.0,Hew Sworder,U,24.0,,Financial Analyst,Financial Services,Affluent Customer,N,Yes,,2094.0,NSW,Australia,10.0
11777,11885,548,2017-01-11,1.0,Approved,Norco Bicycles,Standard,medium,medium,360.4,270.3,35455.0,Georgie Cudbertson,U,84.0,,,IT,High Net Worth,N,Yes,,4127.0,QLD,Australia,7.0
11805,11913,3343,2017-05-02,,Approved,Trek Bicycles,Standard,medium,small,1775.81,1580.47,34165.0,Cristabel Bim,U,3.0,,Recruiter,IT,Mass Customer,N,Yes,,3228.0,VIC,Australia,8.0
11833,11941,2414,2017-03-08,1.0,Approved,Trek Bicycles,Road,low,medium,980.37,234.43,38216.0,Basile Bowlas,U,18.0,,Registered Nurse,Health,Mass Customer,N,Yes,,3802.0,VIC,Australia,7.0
11856,11964,3298,2017-06-01,0.0,Approved,WeareA2B,Touring,medium,large,1890.39,260.14,36146.0,Christine Baignard,U,1.0,,VP Quality Control,IT,Affluent Customer,N,Yes,,3064.0,VIC,Australia,7.0
11884,11992,1918,2017-12-29,0.0,Approved,Solex,Standard,medium,medium,1163.89,589.27,42560.0,Devin Sandeson,U,83.0,,Staff Accountant II,IT,Affluent Customer,N,No,,2261.0,NSW,Australia,8.0
11908,12016,983,2017-06-21,0.0,Approved,Trek Bicycles,Road,medium,large,1894.19,598.76,37823.0,Shaylyn Riggs,U,49.0,,,IT,Affluent Customer,N,No,,2027.0,NSW,Australia,11.0
11922,12031,144,2017-03-18,1.0,Approved,WeareA2B,Standard,medium,medium,1807.45,778.69,42145.0,Jory Barrabeale,U,71.0,,Environmental Tech,IT,Mass Customer,N,No,,2315.0,NSW,Australia,3.0
11973,12083,34,2017-07-23,0.0,Approved,Solex,Standard,medium,medium,1163.89,589.27,42560.0,Jephthah Bachmann,U,59.0,1843-12-21,Legal Assistant,IT,Affluent Customer,N,No,20.0,4005.0,QLD,Australia,8.0
12023,12133,2414,2017-05-06,0.0,Approved,WeareA2B,Standard,medium,medium,1762.96,950.52,37823.0,Basile Bowlas,U,18.0,,Registered Nurse,Health,Mass Customer,N,Yes,,3802.0,VIC,Australia,7.0
12030,12141,1038,2017-12-18,0.0,Approved,Norco Bicycles,Standard,high,medium,1148.64,689.18,34079.0,Fraser Acome,U,57.0,,Engineer I,Manufacturing,Mass Customer,N,Yes,,3809.0,VIC,Australia,6.0
12160,12272,950,2017-07-14,1.0,Approved,Norco Bicycles,Standard,low,medium,363.01,290.41,36367.0,Bret Ivakhnov,U,24.0,,Recruiter,IT,High Net Worth,N,Yes,,4218.0,QLD,Australia,5.0
12242,12357,3222,2017-12-15,1.0,Approved,Norco Bicycles,Road,medium,medium,544.05,376.84,38647.0,Caralie Sellors,U,40.0,,Senior Editor,IT,Affluent Customer,N,No,,4030.0,QLD,Australia,9.0
12255,12370,3223,2017-11-23,1.0,Approved,Trek Bicycles,Road,medium,medium,290.62,215.14,38206.0,Tiffi Wortt,U,44.0,,Database Administrator III,IT,Mass Customer,N,Yes,,2021.0,NSW,Australia,9.0
12311,12426,513,2017-04-22,0.0,Approved,Solex,Standard,low,medium,1289.85,74.51,39427.0,Kienan Soar,U,30.0,,Tax Accountant,IT,Mass Customer,N,No,,3126.0,VIC,Australia,12.0
12315,12430,599,2017-08-26,1.0,Approved,Trek Bicycles,Road,low,medium,980.37,234.43,38693.0,Ernestus Cruden,U,48.0,,Senior Financial Analyst,Financial Services,Mass Customer,N,Yes,,3068.0,VIC,Australia,8.0
12349,12465,2165,2017-10-26,0.0,Approved,Norco Bicycles,Mountain,low,small,688.63,612.88,34244.0,Marlie Teesdale,U,16.0,,Civil Engineer,Manufacturing,Affluent Customer,N,No,,3030.0,VIC,Australia,6.0
12362,12478,1683,2017-05-24,1.0,Approved,Giant Bicycles,Standard,medium,small,1311.44,1167.18,38750.0,Brenn Bacon,U,72.0,,Budget/Accounting Analyst I,IT,Mass Customer,N,Yes,,2028.0,NSW,Australia,12.0
12465,12581,1210,2017-09-05,1.0,Approved,Norco Bicycles,Standard,high,medium,1148.64,689.18,42226.0,Shandie Sprigg,U,81.0,,Programmer II,IT,Mass Customer,N,No,,2230.0,NSW,Australia,9.0
12482,12598,599,2017-05-05,1.0,Approved,Giant Bicycles,Touring,medium,large,1873.97,863.95,40553.0,Ernestus Cruden,U,48.0,,Senior Financial Analyst,Financial Services,Mass Customer,N,Yes,,3068.0,VIC,Australia,8.0
12529,12645,453,2017-10-27,1.0,Approved,Trek Bicycles,Road,medium,medium,290.62,215.14,38339.0,Cornelius Yarmouth,U,81.0,,Assistant Professor,IT,High Net Worth,N,No,,2170.0,NSW,Australia,10.0
12557,12673,3223,2017-03-27,1.0,Approved,OHM Cycles,Standard,high,medium,2005.66,1203.4,34170.0,Tiffi Wortt,U,44.0,,Database Administrator III,IT,Mass Customer,N,Yes,,2021.0,NSW,Australia,9.0
12563,12679,799,2017-02-06,0.0,Approved,WeareA2B,Touring,medium,medium,1466.68,363.25,34586.0,Harland Spilisy,U,39.0,,Programmer I,IT,Mass Customer,N,Yes,,2756.0,NSW,Australia,8.0
12642,12758,996,2017-06-10,,Approved,Norco Bicycles,Standard,low,medium,958.74,748.9,39880.0,Aura Bemlott,U,67.0,,Assistant Manager,IT,Mass Customer,N,Yes,,2194.0,NSW,Australia,10.0
12672,12788,799,2017-08-12,0.0,Approved,OHM Cycles,Standard,low,medium,1793.43,248.82,40672.0,Harland Spilisy,U,39.0,,Programmer I,IT,Mass Customer,N,Yes,,2756.0,NSW,Australia,8.0
12684,12800,983,2017-07-05,1.0,Approved,WeareA2B,Touring,medium,large,1362.99,57.74,34079.0,Shaylyn Riggs,U,49.0,,,IT,Affluent Customer,N,No,,2027.0,NSW,Australia,11.0
12686,12802,2469,2017-06-06,1.0,Approved,Giant Bicycles,Standard,medium,small,1311.44,1167.18,35052.0,Kermie Hedger,U,18.0,,Accounting Assistant II,IT,Mass Customer,N,Yes,,2036.0,NSW,Australia,11.0
12693,12809,2647,2017-08-09,1.0,Approved,Norco Bicycles,Standard,low,medium,363.01,290.41,38482.0,Marcelia Blannin,U,1.0,,Physical Therapy Assistant,IT,High Net Worth,N,No,,2770.0,NSW,Australia,7.0
12735,12852,290,2017-07-31,0.0,Approved,WeareA2B,Standard,medium,small,175.89,131.92,37668.0,Giorgio Kevane,U,42.0,,Senior Sales Associate,IT,Mass Customer,N,No,,2766.0,NSW,Australia,9.0
12795,12914,3312,2017-01-25,1.0,Approved,OHM Cycles,Standard,medium,medium,235.63,125.07,38206.0,Franky Nanninini,U,49.0,,Administrative Officer,IT,High Net Worth,N,No,,4505.0,QLD,Australia,2.0
12814,12933,454,2017-07-30,1.0,Approved,OHM Cycles,Road,medium,medium,1280.28,829.51,35707.0,Eugenie Domenc,U,58.0,,Research Nurse,Health,Affluent Customer,N,Yes,,4221.0,QLD,Australia,10.0
12840,12959,2697,2017-03-19,1.0,Approved,Solex,Standard,high,medium,748.17,448.9,33552.0,Klarika Yerby,U,70.0,,Legal Assistant,IT,High Net Worth,N,No,,2067.0,NSW,Australia,12.0
12853,12973,2963,2017-05-31,0.0,Approved,Trek Bicycles,Standard,high,medium,495.72,297.43,40553.0,Christin Fricke,U,17.0,,Safety Technician II,IT,Affluent Customer,N,Yes,,2114.0,NSW,Australia,10.0
12921,13044,2696,2017-08-01,1.0,Approved,OHM Cycles,Standard,medium,medium,235.63,125.07,38482.0,Isabelle Bursnoll,U,42.0,,Social Worker,Health,Mass Customer,N,Yes,,4031.0,QLD,Australia,8.0
12980,13103,3012,2017-02-14,1.0,Approved,WeareA2B,Standard,medium,small,175.89,131.92,33259.0,Devland Probart,U,81.0,,Technical Writer,IT,Mass Customer,N,Yes,,3250.0,VIC,Australia,2.0
13070,13194,451,2017-01-23,1.0,Approved,WeareA2B,Standard,medium,medium,1228.07,400.91,36668.0,Marlow Flowerdew,U,37.0,,Quality Control Specialist,IT,High Net Worth,N,No,,3192.0,VIC,Australia,10.0
13092,13216,1351,2017-12-03,0.0,Approved,OHM Cycles,Standard,medium,medium,1227.34,770.89,34556.0,Lorettalorna ,U,32.0,,Office Assistant IV,IT,High Net Worth,N,No,,3564.0,VIC,Australia,2.0
13115,13239,1938,2017-02-24,1.0,Approved,Trek Bicycles,Standard,medium,small,1775.81,1580.47,40670.0,Austin Toopin,U,47.0,,Automation Specialist IV,IT,Mass Customer,N,Yes,,4670.0,QLD,Australia,2.0
13118,13242,3086,2017-06-05,0.0,Approved,OHM Cycles,Standard,medium,medium,912.52,141.4,42295.0,Pieter Gadesby,U,18.0,,Biostatistician I,IT,High Net Worth,N,No,,4116.0,QLD,Australia,7.0
13178,13302,1210,2017-08-14,1.0,Approved,Giant Bicycles,Touring,medium,large,1873.97,863.95,38859.0,Shandie Sprigg,U,81.0,,Programmer II,IT,Mass Customer,N,No,,2230.0,NSW,Australia,9.0
13200,13324,453,2017-02-21,1.0,Approved,Solex,Standard,medium,medium,71.49,53.62,41245.0,Cornelius Yarmouth,U,81.0,,Assistant Professor,IT,High Net Worth,N,No,,2170.0,NSW,Australia,10.0
13296,13424,1,2017-02-21,0.0,Approved,Solex,Standard,medium,medium,71.49,53.62,38573.0,Laraine Medendorp,F,93.0,1953-10-12,Executive Secretary,Health,Mass Customer,N,Yes,11.0,2016.0,NSW,Australia,10.0
13370,13499,2252,2017-08-22,0.0,Approved,Giant Bicycles,Touring,medium,large,1873.97,863.95,38859.0,Darcey Annis,U,31.0,,Teacher,IT,High Net Worth,N,Yes,,3183.0,VIC,Australia,7.0
13405,13535,2540,2017-12-10,0.0,Approved,Giant Bicycles,Standard,medium,medium,230.91,173.18,40336.0,Donavon ,U,14.0,,Executive Secretary,IT,Mass Customer,N,Yes,,2560.0,NSW,Australia,7.0
13513,13644,1,2017-05-19,0.0,Approved,Giant Bicycles,Road,medium,medium,1538.99,829.65,33552.0,Laraine Medendorp,F,93.0,1953-10-12,Executive Secretary,Health,Mass Customer,N,Yes,11.0,2016.0,NSW,Australia,10.0
13538,13670,2165,2017-12-30,0.0,Approved,Solex,Standard,medium,medium,1945.43,333.18,37499.0,Marlie Teesdale,U,16.0,,Civil Engineer,Manufacturing,Affluent Customer,N,No,,3030.0,VIC,Australia,6.0
13734,13871,1244,2017-12-11,1.0,Approved,Trek Bicycles,Road,medium,large,1894.19,598.76,40779.0,Glenn Tinham,U,80.0,,Financial Analyst,Financial Services,Mass Customer,N,Yes,,2127.0,NSW,Australia,8.0
13735,13872,1244,2017-12-10,0.0,Approved,OHM Cycles,Standard,low,medium,71.16,56.93,41047.0,Glenn Tinham,U,80.0,,Financial Analyst,Financial Services,Mass Customer,N,Yes,,2127.0,NSW,Australia,8.0
13749,13887,2999,2017-07-18,1.0,Approved,Solex,Standard,low,medium,1289.85,74.51,39427.0,Rinaldo Diggin,U,28.0,,Business Systems Development Analyst,IT,Affluent Customer,N,Yes,,3023.0,VIC,Australia,8.0
13819,13957,1806,2017-03-14,0.0,Approved,Trek Bicycles,Road,medium,medium,533.51,400.13,41064.0,Gil De Gregorio,U,95.0,,Software Test Engineer IV,IT,Mass Customer,N,No,,4701.0,QLD,Australia,1.0
13821,13959,1583,2017-01-15,1.0,Approved,Giant Bicycles,Standard,medium,medium,1403.5,954.82,42688.0,Krysta O' Reagan,U,18.0,,Geologist IV,IT,Mass Customer,N,Yes,,2100.0,NSW,Australia,11.0
13967,14105,1351,2017-03-29,0.0,Approved,Solex,Standard,medium,medium,1945.43,333.18,37499.0,Lorettalorna ,U,32.0,,Office Assistant IV,IT,High Net Worth,N,No,,3564.0,VIC,Australia,2.0
13993,14131,144,2017-02-26,1.0,Approved,Norco Bicycles,Standard,medium,small,586.45,521.94,33429.0,Jory Barrabeale,U,71.0,,Environmental Tech,IT,Mass Customer,N,No,,2315.0,NSW,Australia,3.0
14010,14148,453,2017-11-19,0.0,Approved,Norco Bicycles,Road,medium,medium,543.39,407.54,42696.0,Cornelius Yarmouth,U,81.0,,Assistant Professor,IT,High Net Worth,N,No,,2170.0,NSW,Australia,10.0
14069,14207,680,2017-04-27,1.0,Approved,WeareA2B,Standard,medium,medium,1762.96,950.52,39915.0,Gay Pickersgill,U,22.0,,,IT,High Net Worth,N,Yes,,2209.0,NSW,Australia,7.0
14086,14224,1351,2017-01-04,1.0,Approved,Norco Bicycles,Road,medium,large,1240.31,795.1,40553.0,Lorettalorna ,U,32.0,,Office Assistant IV,IT,High Net Worth,N,No,,3564.0,VIC,Australia,2.0
14158,14297,548,2017-12-20,1.0,Approved,WeareA2B,Touring,medium,large,1890.39,260.14,34143.0,Georgie Cudbertson,U,84.0,,,IT,High Net Worth,N,Yes,,4127.0,QLD,Australia,7.0
14181,14321,839,2017-09-15,0.0,Approved,Trek Bicycles,Road,medium,medium,533.51,400.13,37668.0,Charis Greaves,U,14.0,,Structural Analysis Engineer,IT,Mass Customer,N,Yes,,2880.0,NSW,Australia,1.0
14227,14367,983,2017-10-29,0.0,Approved,Solex,Standard,medium,medium,71.49,53.62,41245.0,Shaylyn Riggs,U,49.0,,,IT,Affluent Customer,N,No,,2027.0,NSW,Australia,11.0
14284,14426,3012,2017-08-13,0.0,Approved,WeareA2B,Standard,medium,medium,1231.15,161.6,41345.0,Devland Probart,U,81.0,,Technical Writer,IT,Mass Customer,N,Yes,,3250.0,VIC,Australia,2.0
14314,14457,3298,2017-01-27,1.0,Approved,Giant Bicycles,Standard,medium,medium,642.7,211.37,37337.0,Christine Baignard,U,1.0,,VP Quality Control,IT,Affluent Customer,N,Yes,,3064.0,VIC,Australia,7.0
14343,14486,1,2017-03-27,0.0,Approved,Norco Bicycles,Mountain,low,small,688.63,612.88,33455.0,Laraine Medendorp,F,93.0,1953-10-12,Executive Secretary,Health,Mass Customer,N,Yes,11.0,2016.0,NSW,Australia,10.0
14373,14516,1740,2017-07-28,0.0,Approved,OHM Cycles,Standard,medium,medium,1636.9,44.71,37499.0,Faythe Janaszewski,U,83.0,,Research Associate,IT,Mass Customer,N,Yes,,3796.0,VIC,Australia,8.0
14417,14560,1990,2017-06-29,1.0,Approved,Giant Bicycles,Standard,high,medium,1129.13,677.48,38573.0,Mira Askham,U,9.0,,Senior Financial Analyst,Financial Services,High Net Worth,N,No,,2567.0,NSW,Australia,8.0
14419,14562,892,2017-04-20,0.0,Approved,Giant Bicycles,Standard,high,medium,1274.93,764.96,34586.0,Conroy Healy,U,22.0,,Office Assistant II,IT,Mass Customer,N,Yes,,3765.0,VIC,Australia,8.0
14488,14632,2021,2017-04-07,0.0,Approved,OHM Cycles,Road,medium,medium,742.54,667.4,33549.0,Ulrica Abelwhite,U,31.0,,Software Test Engineer I,IT,High Net Worth,N,Yes,,2176.0,NSW,Australia,10.0
14541,14686,950,2017-11-21,1.0,Approved,Giant Bicycles,Standard,medium,medium,1403.5,954.82,33549.0,Bret Ivakhnov,U,24.0,,Recruiter,IT,High Net Worth,N,Yes,,4218.0,QLD,Australia,5.0
14542,14687,168,2017-02-05,1.0,Approved,Trek Bicycles,Standard,medium,large,1469.44,596.55,36668.0,Reggie Broggetti,U,8.0,,General Manager,IT,Affluent Customer,N,Yes,,3020.0,VIC,Australia,6.0
14770,14918,2165,2017-08-08,0.0,Approved,Solex,Standard,medium,medium,1483.2,99.59,36146.0,Marlie Teesdale,U,16.0,,Civil Engineer,Manufacturing,Affluent Customer,N,No,,3030.0,VIC,Australia,6.0
14776,14925,144,2017-03-16,1.0,Approved,Trek Bicycles,Standard,high,medium,495.72,297.43,42105.0,Jory Barrabeale,U,71.0,,Environmental Tech,IT,Mass Customer,N,No,,2315.0,NSW,Australia,3.0
14782,14931,1,2017-12-14,1.0,Approved,Giant Bicycles,Standard,medium,medium,230.91,173.18,37337.0,Laraine Medendorp,F,93.0,1953-10-12,Executive Secretary,Health,Mass Customer,N,Yes,11.0,2016.0,NSW,Australia,10.0
14819,14968,2540,2017-04-10,1.0,Approved,Giant Bicycles,Standard,high,medium,1179.0,707.4,34079.0,Donavon ,U,14.0,,Executive Secretary,IT,Mass Customer,N,Yes,,2560.0,NSW,Australia,7.0
14847,14996,599,2017-09-06,1.0,Approved,OHM Cycles,Road,medium,medium,1280.28,829.51,37823.0,Ernestus Cruden,U,48.0,,Senior Financial Analyst,Financial Services,Mass Customer,N,Yes,,3068.0,VIC,Australia,8.0
14848,14997,3343,2017-07-20,1.0,Approved,Solex,Standard,medium,medium,1163.89,589.27,39880.0,Cristabel Bim,U,3.0,,Recruiter,IT,Mass Customer,N,Yes,,3228.0,VIC,Australia,8.0
14854,15003,2540,2017-07-29,0.0,Approved,Norco Bicycles,Road,medium,medium,544.05,376.84,42710.0,Donavon ,U,14.0,,Executive Secretary,IT,Mass Customer,N,Yes,,2560.0,NSW,Australia,7.0
14858,15007,3223,2017-02-07,1.0,Approved,Giant Bicycles,Road,medium,medium,1538.99,829.65,33552.0,Tiffi Wortt,U,44.0,,Database Administrator III,IT,Mass Customer,N,Yes,,2021.0,NSW,Australia,9.0
14961,15110,883,2017-11-13,0.0,Approved,OHM Cycles,Standard,medium,medium,183.86,137.9,35707.0,Lolita Bennie,U,73.0,,Recruiter,IT,Mass Customer,N,Yes,,2537.0,NSW,Australia,3.0
15145,15296,2647,2017-11-08,0.0,Approved,Solex,Standard,medium,medium,1163.89,589.27,42560.0,Marcelia Blannin,U,1.0,,Physical Therapy Assistant,IT,High Net Worth,N,No,,2770.0,NSW,Australia,7.0
15157,15308,1082,2017-03-26,1.0,Approved,Norco Bicycles,Standard,medium,medium,360.4,270.3,37499.0,Guinevere Kelby,U,90.0,,Financial Analyst,Financial Services,Mass Customer,N,Yes,,4152.0,QLD,Australia,9.0
15262,15413,3086,2017-10-15,0.0,Approved,OHM Cycles,Standard,low,medium,71.16,56.93,42172.0,Pieter Gadesby,U,18.0,,Biostatistician I,IT,High Net Worth,N,No,,4116.0,QLD,Australia,7.0
15275,15426,2963,2017-04-29,1.0,Approved,OHM Cycles,Standard,medium,medium,183.86,137.9,36146.0,Christin Fricke,U,17.0,,Safety Technician II,IT,Affluent Customer,N,Yes,,2114.0,NSW,Australia,10.0
15300,15451,1683,2017-06-12,0.0,Approved,Giant Bicycles,Standard,high,medium,1179.0,707.4,36145.0,Brenn Bacon,U,72.0,,Budget/Accounting Analyst I,IT,Mass Customer,N,Yes,,2028.0,NSW,Australia,12.0
15379,15531,2341,2017-12-17,0.0,Approved,Trek Bicycles,Standard,medium,large,1469.44,596.55,42710.0,Caterina Scedall,U,41.0,,Web Designer II,IT,Mass Customer,N,Yes,,3806.0,VIC,Australia,9.0
15398,15550,3255,2017-12-28,0.0,Approved,Solex,Standard,medium,large,202.62,151.96,42458.0,Sutherlan Truin,U,47.0,,Engineer IV,IT,High Net Worth,N,No,,3128.0,VIC,Australia,10.0
15405,15557,2335,2017-01-09,0.0,Approved,WeareA2B,Standard,medium,medium,60.34,45.26,34165.0,Payton Sheach,U,42.0,,Account Executive,IT,Mass Customer,N,No,,2076.0,NSW,Australia,9.0
15449,15601,2999,2017-08-27,1.0,Approved,Giant Bicycles,Standard,high,medium,1129.13,677.48,38573.0,Rinaldo Diggin,U,28.0,,Business Systems Development Analyst,IT,Affluent Customer,N,Yes,,3023.0,VIC,Australia,8.0
15467,15619,144,2017-11-28,0.0,Approved,Solex,Standard,high,medium,1024.66,614.8,35378.0,Jory Barrabeale,U,71.0,,Environmental Tech,IT,Mass Customer,N,No,,2315.0,NSW,Australia,3.0
15489,15642,1583,2017-01-07,0.0,Approved,WeareA2B,Touring,medium,large,1890.39,260.14,36146.0,Krysta O' Reagan,U,18.0,,Geologist IV,IT,Mass Customer,N,Yes,,2100.0,NSW,Australia,11.0
15510,15663,1,2017-06-04,1.0,Approved,Giant Bicycles,Standard,medium,medium,642.7,211.37,40618.0,Laraine Medendorp,F,93.0,1953-10-12,Executive Secretary,Health,Mass Customer,N,Yes,11.0,2016.0,NSW,Australia,10.0
15522,15675,975,2017-02-09,0.0,Approved,Norco Bicycles,Road,high,large,774.53,464.72,37698.0,Goldarina Rzehorz,U,26.0,,Automation Specialist IV,IT,Mass Customer,N,No,,2760.0,NSW,Australia,8.0
15530,15683,2647,2017-09-14,0.0,Approved,Solex,Standard,low,medium,1289.85,74.51,39427.0,Marcelia Blannin,U,1.0,,Physical Therapy Assistant,IT,High Net Worth,N,No,,2770.0,NSW,Australia,7.0
15606,15760,168,2017-03-18,0.0,Approved,Trek Bicycles,Standard,medium,large,2091.47,388.92,40487.0,Reggie Broggetti,U,8.0,,General Manager,IT,Affluent Customer,N,Yes,,3020.0,VIC,Australia,6.0
15631,15785,454,2017-08-26,0.0,Approved,Giant Bicycles,Standard,medium,large,1812.75,582.48,40336.0,Eugenie Domenc,U,58.0,,Research Nurse,Health,Affluent Customer,N,Yes,,4221.0,QLD,Australia,10.0
15645,15799,582,2017-04-10,0.0,Approved,WeareA2B,Standard,medium,medium,1292.84,13.44,39915.0,Rhoda McKeown,U,21.0,,Staff Scientist,IT,Affluent Customer,N,No,,2283.0,NSW,Australia,4.0
15746,15900,3255,2017-11-11,0.0,Approved,WeareA2B,Touring,medium,large,1362.99,57.74,34079.0,Sutherlan Truin,U,47.0,,Engineer IV,IT,High Net Worth,N,No,,3128.0,VIC,Australia,10.0
15755,15909,1990,2017-06-25,1.0,Approved,Trek Bicycles,Road,medium,medium,533.51,400.13,41064.0,Mira Askham,U,9.0,,Senior Financial Analyst,Financial Services,High Net Worth,N,No,,2567.0,NSW,Australia,8.0
15804,15959,3223,2017-04-20,1.0,Approved,WeareA2B,Touring,medium,large,1362.99,57.74,38482.0,Tiffi Wortt,U,44.0,,Database Administrator III,IT,Mass Customer,N,Yes,,2021.0,NSW,Australia,9.0
15888,16046,2252,2017-02-19,,Approved,Solex,Standard,high,medium,748.17,448.9,35052.0,Darcey Annis,U,31.0,,Teacher,IT,High Net Worth,N,Yes,,3183.0,VIC,Australia,7.0
15932,16090,3365,2017-02-27,1.0,Approved,WeareA2B,Standard,medium,medium,60.34,45.26,34165.0,Karlens Chaffyn,U,29.0,,Engineer III,IT,Mass Customer,N,No,,2766.0,NSW,Australia,9.0
15996,16155,996,2017-03-30,1.0,Approved,WeareA2B,Standard,medium,medium,1769.64,108.76,36498.0,Aura Bemlott,U,67.0,,Assistant Manager,IT,Mass Customer,N,Yes,,2194.0,NSW,Australia,10.0
16006,16165,2469,2017-05-11,0.0,Approved,Solex,Road,medium,large,1777.8,820.78,40670.0,Kermie Hedger,U,18.0,,Accounting Assistant II,IT,Mass Customer,N,Yes,,2036.0,NSW,Australia,11.0
16047,16206,3473,2017-10-07,1.0,Approved,Giant Bicycles,Standard,medium,small,1311.44,1167.18,36498.0,Sanderson Alloway,U,34.0,,Analog Circuit Design manager,IT,Mass Customer,N,No,,3803.0,VIC,Australia,7.0
16083,16242,1683,2017-08-18,1.0,Approved,Norco Bicycles,Standard,medium,medium,1555.58,818.01,42218.0,Brenn Bacon,U,72.0,,Budget/Accounting Analyst I,IT,Mass Customer,N,Yes,,2028.0,NSW,Australia,12.0
16088,16247,1938,2017-03-14,1.0,Approved,WeareA2B,Standard,medium,medium,1292.84,13.44,42295.0,Austin Toopin,U,47.0,,Automation Specialist IV,IT,Mass Customer,N,Yes,,4670.0,QLD,Australia,2.0
16131,16292,685,2017-06-12,0.0,Approved,Solex,Touring,medium,large,2083.94,675.03,41533.0,Booth Birkin,U,28.0,,Senior Developer,IT,Mass Customer,N,No,,2463.0,NSW,Australia,4.0
16134,16295,2335,2017-01-04,0.0,Approved,Solex,Standard,medium,large,1061.56,733.58,34170.0,Payton Sheach,U,42.0,,Account Executive,IT,Mass Customer,N,No,,2076.0,NSW,Australia,9.0
16218,16379,2165,2017-04-04,0.0,Approved,Trek Bicycles,Road,medium,medium,290.62,215.14,38339.0,Marlie Teesdale,U,16.0,,Civil Engineer,Manufacturing,Affluent Customer,N,No,,3030.0,VIC,Australia,6.0
16245,16406,950,2017-11-22,0.0,Approved,WeareA2B,Standard,medium,medium,1762.96,950.52,35470.0,Bret Ivakhnov,U,24.0,,Recruiter,IT,High Net Worth,N,Yes,,4218.0,QLD,Australia,5.0
16253,16414,3086,2017-11-04,1.0,Approved,WeareA2B,Touring,medium,large,1890.39,260.14,33259.0,Pieter Gadesby,U,18.0,,Biostatistician I,IT,High Net Worth,N,No,,4116.0,QLD,Australia,7.0
16262,16423,1,2017-12-09,1.0,Approved,OHM Cycles,Road,medium,medium,742.54,667.4,37838.0,Laraine Medendorp,F,93.0,1953-10-12,Executive Secretary,Health,Mass Customer,N,Yes,11.0,2016.0,NSW,Australia,10.0
16271,16432,2647,2017-01-05,0.0,Approved,Giant Bicycles,Standard,medium,large,1765.3,709.48,38193.0,Marcelia Blannin,U,1.0,,Physical Therapy Assistant,IT,High Net Worth,N,No,,2770.0,NSW,Australia,7.0
16288,16449,1683,2017-10-09,1.0,Approved,Giant Bicycles,Standard,medium,small,1311.44,1167.18,35052.0,Brenn Bacon,U,72.0,,Budget/Accounting Analyst I,IT,Mass Customer,N,Yes,,2028.0,NSW,Australia,12.0
16312,16473,454,2017-06-10,0.0,Approved,WeareA2B,Standard,medium,medium,1231.15,161.6,41345.0,Eugenie Domenc,U,58.0,,Research Nurse,Health,Affluent Customer,N,Yes,,4221.0,QLD,Australia,10.0
16313,16474,1044,2017-09-09,0.0,Approved,OHM Cycles,Standard,medium,medium,235.63,125.07,38206.0,Frederico Whilder,U,4.0,,Food Chemist,Health,High Net Worth,N,No,,4570.0,QLD,Australia,1.0
16331,16492,2854,2017-06-27,0.0,Approved,Trek Bicycles,Road,medium,medium,533.51,400.13,35707.0,Vikky Dyde,U,49.0,,Project Manager,IT,High Net Worth,N,Yes,,2323.0,NSW,Australia,4.0
16389,16551,144,2017-12-24,0.0,Approved,OHM Cycles,Standard,medium,medium,795.34,101.58,35470.0,Jory Barrabeale,U,71.0,,Environmental Tech,IT,Mass Customer,N,No,,2315.0,NSW,Australia,3.0
16418,16580,1583,2017-09-09,1.0,Approved,Norco Bicycles,Standard,low,medium,363.01,290.41,36367.0,Krysta O' Reagan,U,18.0,,Geologist IV,IT,Mass Customer,N,Yes,,2100.0,NSW,Australia,11.0
16447,16609,454,2017-11-09,1.0,Approved,Solex,Standard,low,medium,1289.85,74.51,39427.0,Eugenie Domenc,U,58.0,,Research Nurse,Health,Affluent Customer,N,Yes,,4221.0,QLD,Australia,10.0
16481,16643,3223,2017-09-29,0.0,Approved,Trek Bicycles,Road,medium,medium,533.51,400.13,33259.0,Tiffi Wortt,U,44.0,,Database Administrator III,IT,Mass Customer,N,Yes,,2021.0,NSW,Australia,9.0
16506,16669,548,2017-03-24,1.0,Approved,Giant Bicycles,Standard,high,medium,1179.0,707.4,37874.0,Georgie Cudbertson,U,84.0,,,IT,High Net Worth,N,Yes,,4127.0,QLD,Australia,7.0
16523,16687,1773,2017-06-27,0.0,Approved,Solex,Standard,medium,medium,1163.89,589.27,42560.0,Nickolas Guittet,U,82.0,,,IT,Mass Customer,N,Yes,,2114.0,NSW,Australia,8.0
16545,16709,2963,2017-01-07,1.0,Approved,Solex,Standard,low,medium,945.04,507.58,35560.0,Christin Fricke,U,17.0,,Safety Technician II,IT,Affluent Customer,N,Yes,,2114.0,NSW,Australia,10.0
16655,16820,996,2017-01-18,0.0,Approved,Norco Bicycles,Road,medium,medium,1036.59,206.35,38193.0,Aura Bemlott,U,67.0,,Assistant Manager,IT,Mass Customer,N,Yes,,2194.0,NSW,Australia,10.0
16664,16829,582,2017-08-03,0.0,Approved,OHM Cycles,Standard,medium,medium,912.52,141.4,42295.0,Rhoda McKeown,U,21.0,,Staff Scientist,IT,Affluent Customer,N,No,,2283.0,NSW,Australia,4.0
16706,16871,2165,2017-02-13,0.0,Approved,OHM Cycles,Standard,medium,medium,795.34,101.58,35470.0,Marlie Teesdale,U,16.0,,Civil Engineer,Manufacturing,Affluent Customer,N,No,,3030.0,VIC,Australia,6.0
16721,16886,883,2017-02-20,1.0,Approved,WeareA2B,Standard,medium,small,175.89,131.92,35707.0,Lolita Bennie,U,73.0,,Recruiter,IT,Mass Customer,N,Yes,,2537.0,NSW,Australia,3.0
16800,16967,1477,2017-12-11,0.0,Approved,Giant Bicycles,Touring,medium,large,1873.97,863.95,41922.0,Leo Balharry,U,42.0,,Actuary,Financial Services,Mass Customer,N,Yes,,2440.0,NSW,Australia,3.0
16817,16984,1740,2017-10-05,1.0,Approved,Norco Bicycles,Road,high,large,774.53,464.72,35052.0,Faythe Janaszewski,U,83.0,,Research Associate,IT,Mass Customer,N,Yes,,3796.0,VIC,Australia,8.0
16850,17017,1918,2017-09-11,1.0,Approved,WeareA2B,Standard,medium,medium,1992.93,762.63,34115.0,Devin Sandeson,U,83.0,,Staff Accountant II,IT,Affluent Customer,N,No,,2261.0,NSW,Australia,8.0
16890,17057,983,2017-09-17,1.0,Approved,Norco Bicycles,Standard,medium,small,586.45,521.94,33429.0,Shaylyn Riggs,U,49.0,,,IT,Affluent Customer,N,No,,2027.0,NSW,Australia,11.0
16895,17062,1740,2017-10-22,1.0,Approved,Trek Bicycles,Road,low,small,1720.7,1531.42,41009.0,Faythe Janaszewski,U,83.0,,Research Associate,IT,Mass Customer,N,Yes,,3796.0,VIC,Australia,8.0
17024,17192,996,2017-03-09,1.0,Approved,Norco Bicycles,Standard,high,medium,1148.64,689.18,33879.0,Aura Bemlott,U,67.0,,Assistant Manager,IT,Mass Customer,N,Yes,,2194.0,NSW,Australia,10.0
17058,17226,451,2017-10-25,0.0,Approved,Solex,Standard,medium,large,202.62,151.96,42458.0,Marlow Flowerdew,U,37.0,,Quality Control Specialist,IT,High Net Worth,N,No,,3192.0,VIC,Australia,10.0
17134,17304,3322,2017-08-11,0.0,Approved,OHM Cycles,Road,medium,medium,1280.28,829.51,35707.0,Hew Sworder,U,24.0,,Financial Analyst,Financial Services,Affluent Customer,N,Yes,,2094.0,NSW,Australia,10.0
17146,17316,950,2017-01-29,1.0,Approved,Trek Bicycles,Road,medium,medium,290.62,215.14,38482.0,Bret Ivakhnov,U,24.0,,Recruiter,IT,High Net Worth,N,Yes,,4218.0,QLD,Australia,5.0
17235,17406,975,2017-05-23,1.0,Approved,OHM Cycles,Road,medium,medium,1280.28,829.51,37220.0,Goldarina Rzehorz,U,26.0,,Automation Specialist IV,IT,Mass Customer,N,No,,2760.0,NSW,Australia,8.0
17308,17480,680,2017-12-16,0.0,Approved,WeareA2B,Standard,medium,medium,1992.93,762.63,36334.0,Gay Pickersgill,U,22.0,,,IT,High Net Worth,N,Yes,,2209.0,NSW,Australia,7.0
17332,17504,3151,2017-07-09,0.0,Approved,OHM Cycles,Standard,medium,medium,183.86,137.9,40779.0,Thorn Choffin,U,20.0,,Senior Developer,IT,Affluent Customer,N,Yes,,4055.0,QLD,Australia,8.0
17376,17549,2335,2017-09-14,1.0,Approved,Trek Bicycles,Standard,low,medium,1057.51,154.4,34527.0,Payton Sheach,U,42.0,,Account Executive,IT,Mass Customer,N,No,,2076.0,NSW,Australia,9.0
17403,17576,2335,2017-03-15,1.0,Approved,Solex,Standard,medium,medium,100.35,75.26,36367.0,Payton Sheach,U,42.0,,Account Executive,IT,Mass Customer,N,No,,2076.0,NSW,Australia,9.0
17495,17668,2469,2017-06-19,1.0,Approved,Solex,Road,medium,small,1703.52,1516.13,33549.0,Kermie Hedger,U,18.0,,Accounting Assistant II,IT,Mass Customer,N,Yes,,2036.0,NSW,Australia,11.0
17546,17719,975,2017-08-28,1.0,Approved,Norco Bicycles,Standard,high,medium,1148.64,689.18,42226.0,Goldarina Rzehorz,U,26.0,,Automation Specialist IV,IT,Mass Customer,N,No,,2760.0,NSW,Australia,8.0
17634,17808,34,2017-04-10,1.0,Approved,WeareA2B,Road,low,small,1172.78,1043.77,37539.0,Jephthah Bachmann,U,59.0,1843-12-21,Legal Assistant,IT,Affluent Customer,N,No,20.0,4005.0,QLD,Australia,8.0
17671,17845,3473,2017-05-19,0.0,Approved,OHM Cycles,Standard,medium,medium,795.34,101.58,38647.0,Sanderson Alloway,U,34.0,,Analog Circuit Design manager,IT,Mass Customer,N,No,,3803.0,VIC,Australia,7.0
17712,17886,3288,2017-03-05,0.0,Approved,OHM Cycles,Standard,medium,medium,795.34,101.58,35470.0,Fair Dewen,U,47.0,,Engineer III,IT,High Net Worth,N,No,,2770.0,NSW,Australia,9.0
17861,18038,3255,2017-07-09,0.0,Approved,WeareA2B,Standard,medium,medium,1231.15,161.6,38216.0,Sutherlan Truin,U,47.0,,Engineer IV,IT,High Net Worth,N,No,,3128.0,VIC,Australia,10.0
17867,18044,1990,2017-07-17,1.0,Approved,Trek Bicycles,Standard,high,medium,495.72,297.43,42105.0,Mira Askham,U,9.0,,Senior Financial Analyst,Financial Services,High Net Worth,N,No,,2567.0,NSW,Australia,8.0
17881,18059,1044,2017-08-02,1.0,Approved,WeareA2B,Touring,medium,medium,1466.68,363.25,41701.0,Frederico Whilder,U,4.0,,Food Chemist,Health,High Net Worth,N,No,,4570.0,QLD,Australia,1.0
17893,18071,1806,2017-06-12,0.0,Approved,Giant Bicycles,Road,medium,medium,1538.99,829.65,42404.0,Gil De Gregorio,U,95.0,,Software Test Engineer IV,IT,Mass Customer,N,No,,4701.0,QLD,Australia,1.0
17956,18134,975,2017-06-22,1.0,Approved,Giant Bicycles,Standard,high,small,1977.36,1759.85,40779.0,Goldarina Rzehorz,U,26.0,,Automation Specialist IV,IT,Mass Customer,N,No,,2760.0,NSW,Australia,8.0
17982,18160,1773,2017-04-05,1.0,Approved,Giant Bicycles,Standard,high,small,1977.36,1759.85,41047.0,Nickolas Guittet,U,82.0,,,IT,Mass Customer,N,Yes,,2114.0,NSW,Australia,8.0
18014,18192,513,2017-01-04,1.0,Approved,Solex,Standard,medium,large,1061.56,733.58,34170.0,Kienan Soar,U,30.0,,Tax Accountant,IT,Mass Customer,N,No,,3126.0,VIC,Australia,12.0
18055,18233,2647,2017-01-10,0.0,Approved,Solex,Standard,medium,medium,100.35,75.26,36367.0,Marcelia Blannin,U,1.0,,Physical Therapy Assistant,IT,High Net Worth,N,No,,2770.0,NSW,Australia,7.0
18073,18252,3012,2017-11-25,1.0,Approved,Giant Bicycles,Touring,medium,large,1873.97,863.95,37873.0,Devland Probart,U,81.0,,Technical Writer,IT,Mass Customer,N,Yes,,3250.0,VIC,Australia,2.0
18083,18262,1038,2017-07-15,1.0,Approved,Norco Bicycles,Road,medium,large,1240.31,795.1,37873.0,Fraser Acome,U,57.0,,Engineer I,Manufacturing,Mass Customer,N,Yes,,3809.0,VIC,Australia,6.0
18097,18276,2469,2017-09-09,1.0,Approved,Trek Bicycles,Road,low,medium,980.37,234.43,39298.0,Kermie Hedger,U,18.0,,Accounting Assistant II,IT,Mass Customer,N,Yes,,2036.0,NSW,Australia,11.0
18116,18297,2999,2017-08-08,0.0,Approved,Solex,Standard,medium,large,202.62,151.96,42458.0,Rinaldo Diggin,U,28.0,,Business Systems Development Analyst,IT,Affluent Customer,N,Yes,,3023.0,VIC,Australia,8.0
18123,18304,453,2017-06-23,1.0,Approved,WeareA2B,Standard,medium,medium,752.64,205.36,42218.0,Cornelius Yarmouth,U,81.0,,Assistant Professor,IT,High Net Worth,N,No,,2170.0,NSW,Australia,10.0
18127,18308,267,2017-06-17,0.0,Approved,Norco Bicycles,Standard,medium,medium,1198.46,381.1,36145.0,Edgar Buckler,U,53.0,,,IT,High Net Worth,N,No,,2768.0,NSW,Australia,10.0
18189,18371,548,2017-01-10,1.0,Approved,Solex,Standard,medium,medium,1483.2,99.59,40487.0,Georgie Cudbertson,U,84.0,,,IT,High Net Worth,N,Yes,,4127.0,QLD,Australia,7.0
18193,18375,526,2017-04-27,1.0,Approved,Solex,Standard,medium,medium,1151.96,649.49,41064.0,Ardelle ,U,9.0,,Social Worker,Health,Mass Customer,N,Yes,,2068.0,NSW,Australia,12.0
18393,18578,3255,2017-12-22,0.0,Approved,WeareA2B,Standard,medium,medium,752.64,205.36,42218.0,Sutherlan Truin,U,47.0,,Engineer IV,IT,High Net Worth,N,No,,3128.0,VIC,Australia,10.0
18436,18621,2069,2017-04-11,0.0,Approved,WeareA2B,Standard,medium,medium,1992.93,762.63,42696.0,Sol Holdron,U,32.0,,Software Test Engineer IV,IT,Mass Customer,N,Yes,,4509.0,QLD,Australia,7.0
18448,18633,983,2017-12-29,1.0,Approved,Giant Bicycles,Standard,medium,small,1311.44,1167.18,33888.0,Shaylyn Riggs,U,49.0,,,IT,Affluent Customer,N,No,,2027.0,NSW,Australia,11.0
18451,18636,290,2017-12-19,0.0,Approved,Giant Bicycles,Touring,medium,large,1873.97,863.95,38859.0,Giorgio Kevane,U,42.0,,Senior Sales Associate,IT,Mass Customer,N,No,,2766.0,NSW,Australia,9.0
18476,18661,3151,2017-02-03,0.0,Approved,Giant Bicycles,Standard,high,medium,1129.13,677.48,38573.0,Thorn Choffin,U,20.0,,Senior Developer,IT,Affluent Customer,N,Yes,,4055.0,QLD,Australia,8.0
18563,18748,526,2017-07-08,0.0,Approved,Norco Bicycles,Road,high,large,774.53,464.72,38750.0,Ardelle ,U,9.0,,Social Worker,Health,Mass Customer,N,Yes,,2068.0,NSW,Australia,12.0
18575,18760,1740,2017-06-17,0.0,Approved,Norco Bicycles,Standard,medium,small,1216.14,1082.36,42696.0,Faythe Janaszewski,U,83.0,,Research Associate,IT,Mass Customer,N,Yes,,3796.0,VIC,Australia,8.0
18594,18780,57,2017-10-29,0.0,Approved,Giant Bicycles,Standard,high,medium,1274.93,764.96,38693.0,Abba Masedon,M,87.0,1988-06-13,Chief Design Engineer,,Mass Customer,N,Yes,13.0,4280.0,QLD,Australia,6.0
18661,18848,2165,2017-04-30,1.0,Approved,Trek Bicycles,Road,low,medium,980.37,234.43,38258.0,Marlie Teesdale,U,16.0,,Civil Engineer,Manufacturing,Affluent Customer,N,No,,3030.0,VIC,Australia,6.0
18698,18885,1806,2017-06-22,1.0,Approved,OHM Cycles,Standard,low,medium,1793.43,248.82,36361.0,Gil De Gregorio,U,95.0,,Software Test Engineer IV,IT,Mass Customer,N,No,,4701.0,QLD,Australia,1.0
18702,18889,3298,2017-12-26,1.0,Approved,WeareA2B,Standard,medium,medium,1228.07,400.91,41922.0,Christine Baignard,U,1.0,,VP Quality Control,IT,Affluent Customer,N,Yes,,3064.0,VIC,Australia,7.0
18716,18903,1683,2017-08-24,1.0,Approved,Norco Bicycles,Road,medium,medium,543.39,407.54,39031.0,Brenn Bacon,U,72.0,,Budget/Accounting Analyst I,IT,Mass Customer,N,Yes,,2028.0,NSW,Australia,12.0
18756,18943,799,2017-01-14,1.0,Approved,OHM Cycles,Road,medium,medium,1280.28,829.51,37823.0,Harland Spilisy,U,39.0,,Programmer I,IT,Mass Customer,N,Yes,,2756.0,NSW,Australia,8.0
18779,18966,1683,2017-07-07,0.0,Approved,Trek Bicycles,Road,medium,large,1894.19,598.76,34143.0,Brenn Bacon,U,72.0,,Budget/Accounting Analyst I,IT,Mass Customer,N,Yes,,2028.0,NSW,Australia,12.0
18783,18970,1,2017-03-29,1.0,Approved,Giant Bicycles,Standard,high,medium,1274.93,764.96,35378.0,Laraine Medendorp,F,93.0,1953-10-12,Executive Secretary,Health,Mass Customer,N,Yes,11.0,2016.0,NSW,Australia,10.0
18880,19069,892,2017-05-24,0.0,Approved,Giant Bicycles,Road,medium,medium,792.9,594.68,42710.0,Conroy Healy,U,22.0,,Office Assistant II,IT,Mass Customer,N,Yes,,3765.0,VIC,Australia,8.0
18983,19173,799,2017-01-16,1.0,Approved,WeareA2B,Touring,medium,medium,1466.68,363.25,35378.0,Harland Spilisy,U,39.0,,Programmer I,IT,Mass Customer,N,Yes,,2756.0,NSW,Australia,8.0
19003,19194,839,2017-04-25,0.0,Approved,Trek Bicycles,Road,medium,medium,290.62,215.14,34079.0,Charis Greaves,U,14.0,,Structural Analysis Engineer,IT,Mass Customer,N,Yes,,2880.0,NSW,Australia,1.0
19036,19229,3365,2017-07-17,1.0,Approved,Trek Bicycles,Road,medium,medium,290.62,215.14,38339.0,Karlens Chaffyn,U,29.0,,Engineer III,IT,Mass Customer,N,No,,2766.0,NSW,Australia,9.0
19043,19236,1477,2017-08-11,0.0,Approved,Norco Bicycles,Standard,medium,medium,1555.58,818.01,41533.0,Leo Balharry,U,42.0,,Actuary,Financial Services,Mass Customer,N,Yes,,2440.0,NSW,Australia,3.0
19069,19262,2540,2017-08-23,0.0,Approved,OHM Cycles,Standard,low,medium,1793.43,248.82,36361.0,Donavon ,U,14.0,,Executive Secretary,IT,Mass Customer,N,Yes,,2560.0,NSW,Australia,7.0
19072,19265,3288,2017-11-28,0.0,Approved,Norco Bicycles,Standard,high,small,1661.92,1479.11,34586.0,Fair Dewen,U,47.0,,Engineer III,IT,High Net Worth,N,No,,2770.0,NSW,Australia,9.0
19098,19291,34,2017-09-19,0.0,Approved,WeareA2B,Standard,medium,medium,1807.45,778.69,42145.0,Jephthah Bachmann,U,59.0,1843-12-21,Legal Assistant,IT,Affluent Customer,N,No,20.0,4005.0,QLD,Australia,8.0
19127,19320,1174,2017-07-07,0.0,Approved,Norco Bicycles,Standard,medium,medium,360.4,270.3,42710.0,Shellysheldon Gooderridge,U,9.0,,Executive Secretary,IT,Mass Customer,N,No,,2529.0,NSW,Australia,7.0
19175,19369,3223,2017-12-16,,Approved,Giant Bicycles,Road,low,small,590.26,525.33,38647.0,Tiffi Wortt,U,44.0,,Database Administrator III,IT,Mass Customer,N,Yes,,2021.0,NSW,Australia,9.0
19248,19443,2696,2017-05-10,1.0,Approved,Trek Bicycles,Standard,medium,large,2091.47,388.92,41167.0,Isabelle Bursnoll,U,42.0,,Social Worker,Health,Mass Customer,N,Yes,,4031.0,QLD,Australia,8.0
19286,19481,799,2017-09-16,0.0,Approved,Giant Bicycles,Standard,medium,large,1635.3,993.66,37874.0,Harland Spilisy,U,39.0,,Programmer I,IT,Mass Customer,N,Yes,,2756.0,NSW,Australia,8.0
19289,19484,2021,2017-08-27,1.0,Approved,WeareA2B,Standard,medium,medium,60.34,45.26,34115.0,Ulrica Abelwhite,U,31.0,,Software Test Engineer I,IT,High Net Worth,N,Yes,,2176.0,NSW,Australia,10.0
19309,19504,3312,2017-12-24,0.0,Approved,WeareA2B,Standard,medium,medium,752.64,205.36,42218.0,Franky Nanninini,U,49.0,,Administrative Officer,IT,High Net Worth,N,No,,4505.0,QLD,Australia,2.0
19319,19514,582,2017-04-15,0.0,Approved,OHM Cycles,Standard,high,medium,1458.17,874.9,38750.0,Rhoda McKeown,U,21.0,,Staff Scientist,IT,Affluent Customer,N,No,,2283.0,NSW,Australia,4.0
19334,19529,1044,2017-07-09,1.0,Approved,WeareA2B,Standard,medium,small,1415.01,1259.36,37626.0,Frederico Whilder,U,4.0,,Food Chemist,Health,High Net Worth,N,No,,4570.0,QLD,Australia,1.0
19371,19566,1740,2017-04-22,1.0,Approved,Solex,Standard,medium,medium,1151.96,649.49,39427.0,Faythe Janaszewski,U,83.0,,Research Associate,IT,Mass Customer,N,Yes,,3796.0,VIC,Australia,8.0
19389,19584,290,2017-05-30,0.0,Approved,OHM Cycles,Road,medium,medium,742.54,667.4,33549.0,Giorgio Kevane,U,42.0,,Senior Sales Associate,IT,Mass Customer,N,No,,2766.0,NSW,Australia,9.0
19472,19667,975,2017-12-20,1.0,Approved,Giant Bicycles,Standard,medium,large,1765.3,709.48,38193.0,Goldarina Rzehorz,U,26.0,,Automation Specialist IV,IT,Mass Customer,N,No,,2760.0,NSW,Australia,8.0
19483,19678,1210,2017-07-01,1.0,Approved,OHM Cycles,Standard,high,medium,227.88,136.73,37659.0,Shandie Sprigg,U,81.0,,Programmer II,IT,Mass Customer,N,No,,2230.0,NSW,Australia,9.0
19636,19832,1210,2017-01-11,0.0,Approved,Trek Bicycles,Standard,medium,small,1775.81,1580.47,40303.0,Shandie Sprigg,U,81.0,,Programmer II,IT,Mass Customer,N,No,,2230.0,NSW,Australia,9.0
19653,19849,883,2017-08-10,0.0,Approved,Giant Bicycles,Standard,high,medium,1179.0,707.4,37874.0,Lolita Bennie,U,73.0,,Recruiter,IT,Mass Customer,N,Yes,,2537.0,NSW,Australia,3.0
